10:30:56 10-9-2024;339.5;10.44;10.5
10:30:58 10-9-2024;454.11093750000003;10.42;10.48
10:31:0 10-9-2024;501.3972356933594;10.36;10.48
10:31:2 10-9-2024;510.6609445058289;10.44;10.48
10:31:22 10-9-2024;383.99;12.2;12.32
10:31:24 10-9-2024;486.6996734375;12.2;12.28
10:31:26 10-9-2024;506.6848461279297;12.18;12.34
10:31:28 10-9-2024;513.9354025924797;12.18;12.36
10:31:30 10-9-2024;515.3277313063953;12.28;12.3
10:31:32 10-9-2024;515.8281765098365;12.22;12.3
10:31:34 10-9-2024;515.9343829200467;12.32;12.3
10:31:36 10-9-2024;515.9535334639836;12.22;12.3
10:31:38 10-9-2024;515.979928425784;12.14;12.34
10:31:40 10-9-2024;515.9665504776596;12.16;12.26
10:31:42 10-9-2024;515.9869269764872;12.28;12.36
10:31:44 10-9-2024;515.9919681323938;12.28;12.38
10:31:48 10-9-2024;334.85;12.92;12.92
10:31:50 10-9-2024;453.96828125;12.88;12.88
10:31:52 10-9-2024;495.90022666015625;12.94;12.98
10:31:54 10-9-2024;511.5966612782135;13;13
10:31:56 10-9-2024;514.5941083000091;13;12.98
10:31:58 10-9-2024;515.6931660988446;13;12.96
10:32:0 10-9-2024;515.9020214491089;13;13
10:32:2 10-9-2024;515.9786153834789;13;12.98
13:32:20 10-9-2024;337.31;93.48;93.21000000000001
13:32:22 10-9-2024;458.09346875;47.450874999999996;46.89465625
13:32:24 10-9-2024;507.01040815917975;28.45014466796875;27.81010201660156
13:32:26 10-9-2024;516.5319916929535;24.73933911644287;24.092775639334107
13:32:28 10-9-2024;520.0226465612701;23.379542882129993;22.741435087765595
13:32:30 10-9-2024;520.6878295133769;23.118695438468983;22.431134628551934
13:32:32 10-9-2024;520.9318642642389;23.025692129825785;22.37331383397403
13:32:34 10-9-2024;520.9782429971538;23.0082018638991;22.30514881632219
13:32:36 10-9-2024;520.9952513653292;23.00179013231579;22.255729898913305
13:32:38 10-9-2024;520.9984836599446;23.000571635403084;22.288902560539412
13:32:40 10-9-2024;520.9996690464947;23.000124764342424;22.27395564771257
13:32:42 10-9-2024;520.9998943195253;22.99753983988711;22.304659427780255
13:32:44 10-9-2024;520.9999769343808;22.997123929752266;22.27630729011301
13:32:46 10-9-2024;520.9999926346585;22.998998220710234;22.2663858254192
13:32:48 10-9-2024;520.9999983924547;22.99977932814664;22.27040691163438
13:32:50 10-9-2024;520.9999994866766;22.999929725622707;22.275706956869023
13:32:52 10-9-2024;520.999999887963;22.999984669674095;22.247415516492794
13:32:54 10-9-2024;520.9999999642242;22.987870104419112;22.255497991657226
13:32:56 10-9-2024;520.9999999921916;22.99416625570542;22.23151311601382
13:32:58 10-9-2024;520.9999999975066;22.985834431201248;22.156158525440844
13:33:0 10-9-2024;520.9999999994558;22.99546690738435;22.107017098554195
13:33:2 10-9-2024;520.9999999998263;22.995790532646858;22.17898498827732
13:33:4 10-9-2024;520.989999999962;22.99422452482837;22.22852717986619
13:33:6 10-9-2024;520.9980937499879;22.982825390098448;22.15936618115419
13:33:8 10-9-2024;520.9977409130832;22.988285620115317;22.07869283546596
13:33:10 10-9-2024;520.9993486696251;22.973398066934152;22.09604832122763
13:33:12 10-9-2024;520.9998610867257;22.971985827658433;22.13485772228377
13:33:14 10-9-2024;520.9953305612703;22.970926040469624;22.08043715757956
13:33:16 10-9-2024;520.9986931677855;22.993709903504634;22.09459861518443
13:33:18 10-9-2024;520.9995842518783;22.976492749890067;22.063880240472294
13:33:20 10-9-2024;520.9956594315399;22.963603252348676;22.059094870153817
13:33:22 10-9-2024;520.9884515516859;22.90291122330499;22.04634035749122
13:33:24 10-9-2024;520.9899564072949;22.923790245550006;22.041652382408916
13:33:26 10-9-2024;520.9864361038293;22.93511249505982;22.03606209857186
13:33:28 10-9-2024;520.9969347635349;22.912953855733708;22.02555599345255
13:33:30 10-9-2024;520.9953619242924;22.94104616000256;22.06167504158225
13:33:32 10-9-2024;520.9970699834957;22.89383764133413;22.03981671267898
13:33:34 10-9-2024;520.9945131681761;22.90069529083734;22.03523735726684
13:33:36 10-9-2024;520.9841119278383;22.914425277441588;22.019303664567904
13:33:38 10-9-2024;520.9939143624413;22.906032009400057;22.017267440748178
13:33:40 10-9-2024;520.9930317418049;22.883698255778015;22.049397461916804
13:33:42 10-9-2024;520.9940199499658;22.91265248940007;22.01232923014112
13:33:44 10-9-2024;520.9909513207929;22.891015147555905;22.046304875888588
13:33:46 10-9-2024;520.9975245509238;22.924356584154296;22.030172372192713
13:33:48 10-9-2024;520.9967090238129;22.918201861115065;22.01406498036412
13:33:50 10-9-2024;520.9890677820214;22.93526336999904;22.029259997108284
13:33:52 10-9-2024;520.9952939033464;22.919207300439325;22.028830271968637
13:33:54 10-9-2024;520.9863219628546;22.88011227641232;22.01396023642509
13:33:56 10-9-2024;520.9870437936275;22.90370161430584;22.005707775869062
13:33:58 10-9-2024;520.9780652896688;22.87468769512439;22.008523933710332
13:34:0 10-9-2024;520.979843128213;22.883839685174074;22.017550565425676
13:34:2 10-9-2024;520.9668920384513;22.864039705130086;22.01918829485263
13:34:4 10-9-2024;520.9875681890277;22.877604667989267;22.017455947936917
13:34:6 10-9-2024;520.9538545098338;22.87772739163165;22.00686558708489
13:34:8 10-9-2024;520.9738331617597;22.871927866233694;22.002224866023617
13:34:10 10-9-2024;520.9881670591656;22.909272075368335;22.01048551664646
13:34:12 10-9-2024;520.9885003777148;22.875910627267757;22.034561166555445
13:34:14 10-9-2024;520.9866080881096;22.872917650385887;22.020438597612237
13:34:16 10-9-2024;520.9609840906153;22.84315269432339;22.007516208329434
13:34:18 10-9-2024;520.9803500596336;22.881112791387167;22.00781130618266
13:34:20 10-9-2024;520.9780442814997;22.865665739540933;22.024707637063866
13:34:22 10-9-2024;520.9798836573917;22.8660016268526;22.00972356776282
13:34:24 10-9-2024;520.9722576466975;22.879817401133295;22.025520897808022
13:34:26 10-9-2024;520.9728482785634;22.851735462268884;22.00991788776448
13:34:28 10-9-2024;520.9774235599647;22.87936743067069;22.00345809747192
13:34:30 10-9-2024;520.9813180010067;22.90554491514291;22.022678473564575
13:34:32 10-9-2024;520.9849742238705;22.904465167651693;22.004596319969696
13:34:34 10-9-2024;520.9732762828936;22.909149046597946;22.00702967034847
13:34:36 10-9-2024;520.9711921255063;22.857247489629486;22.004838475262883
13:34:38 10-9-2024;520.9739731765231;22.885532151030425;22.003771057001714
13:34:40 10-9-2024;520.9898916879905;22.862196445825536;22.00357808349577
13:34:42 10-9-2024;520.9730927794004;22.871661252000777;22.03277738331648
13:34:44 10-9-2024;520.9694061074774;22.871072462522235;22.011155527839215
13:34:46 10-9-2024;520.966901668962;22.885324045789467;22.00715432941507
13:34:48 10-9-2024;520.9816338129764;22.908015645247126;22.01724017812881
13:34:50 10-9-2024;520.977485656236;22.851477662203326;22.00755695038894
13:34:52 10-9-2024;520.9792804838164;22.83924634909532;22.002758601712465
13:34:54 10-9-2024;520.9878225107293;22.83090961475877;22.017371717308205
13:34:56 10-9-2024;520.9766510964789;22.78231479065304;22.00929440953158
13:34:58 10-9-2024;520.9702650646892;22.815190715803585;22.01227374349222
13:35:0 10-9-2024;520.9498061269426;22.811211331913697;22.00263166990848
13:35:2 10-9-2024;520.9354623253317;22.80422363437753;22.00051104366951
13:35:4 10-9-2024;520.9311317681685;22.817423683178;22.00266448182714
13:35:6 10-9-2024;520.9597339691556;22.80197054560604;22.022701986961344
13:35:8 10-9-2024;520.9720015141254;22.857944766561264;22.019231139093378
13:35:10 10-9-2024;520.9802081535056;22.83130417655383;22.005343007513147
13:35:12 10-9-2024;520.9733942667403;22.786710944368554;22.004307510133668
13:35:14 10-9-2024;520.9431989774293;22.82436847388164;22.001157419906768
13:35:16 10-9-2024;520.9837456301391;22.78809162736132;22.022496573203075
13:35:18 10-9-2024;520.9706605063316;22.74528964338115;22.002709069831408
13:35:20 10-9-2024;520.9767477174069;22.86483974844465;22.010899416407312
13:35:22 10-9-2024;520.9544253909501;22.80181611006716;22.003149984640196
13:35:24 10-9-2024;520.9638093520739;22.793463063844037;22.00095354806349
13:35:26 10-9-2024;520.936254942425;22.85625758167005;22.004237191689818
13:35:28 10-9-2024;520.9459398821704;22.843829868677133;22.015612963418068
13:35:30 10-9-2024;520.950576826958;22.766684659639772;22.002416237991234
13:35:32 10-9-2024;520.955847382132;22.818263569018573;22.00290803733233
13:35:34 10-9-2024;520.9798812530967;22.76802829455773;22.01474032882742
13:35:36 10-9-2024;520.9287404110058;22.784242594531605;22.013426071912818
13:35:38 10-9-2024;520.9540682947163;22.8576741871079;22.021728417301965
13:35:40 10-9-2024;520.9433490711962;22.75462425890766;22.00438466937259
13:35:42 10-9-2024;520.9457415717889;22.806943181745027;22.003331763726678
13:35:44 10-9-2024;520.9567180983937;22.79336809040565;22.001313500486642
13:35:46 10-9-2024;520.9542194208003;22.805398470010918;22.0103034675389
13:35:48 10-9-2024;520.9622773091826;22.79202685515994;22.004503134817618
13:35:50 10-9-2024;520.9631261891872;22.800201385262074;22.001133740959954
13:35:52 10-9-2024;520.9574951651277;22.75545491427677;22.002865507003822
13:35:54 10-9-2024;520.9687515721197;22.75092564729727;22.00583960339556
13:35:56 10-9-2024;520.9658262872057;22.7614507761011;22.002360900101742
13:35:58 10-9-2024;520.9680167134246;22.75597969005358;22.010548560922018
13:36:0 10-9-2024;520.9710670653095;22.789767660526916;22.002081374942094
13:36:2 10-9-2024;520.9194542323285;22.753455400953808;22.000391044356846
13:36:4 10-9-2024;520.9526756362266;22.696314777729974;22.002626166916894
13:36:6 10-9-2024;520.9640495873955;22.731182479089505;22.00078737450043
13:36:8 10-9-2024;520.9438049486982;22.773859368162732;22.00025360549291
13:36:10 10-9-2024;520.9529162553528;22.73198807423819;22.002180342366767
13:36:12 10-9-2024;520.9818105767856;22.753316348703976;22.00077742943206
13:36:14 10-9-2024;520.9735967891683;22.68675667300382;22.000171714416744
13:36:16 10-9-2024;520.9653199397641;22.70544215409949;22.00217964942802
13:36:18 10-9-2024;520.8980049486981;22.75609914173364;22.003049283624303
13:36:20 10-9-2024;520.9272414385478;22.68328326376328;22.00121697862292
13:36:22 10-9-2024;520.9553127426652;22.671788961230618;22.000282094912006
13:36:24 10-9-2024;520.9665784717419;22.6648376023018;22.000090066694195
13:36:26 10-9-2024;520.9597045987862;22.65152012040851;22.00192590066998
13:36:28 10-9-2024;520.9522544520171;22.65305902933965;22.00054363783368
13:36:30 10-9-2024;520.9388410720891;22.644755174470543;22.00011533655611
13:36:32 10-9-2024;520.9424224290885;22.718507806339147;22.01003691107538
13:36:34 10-9-2024;520.9446856552449;22.639047682208343;22.00355337289774
13:36:36 10-9-2024;520.934986402378;22.738894970145513;22.001400723200263
13:36:38 10-9-2024;520.9329285542765;22.657714162157458;22.000323501745612
13:36:40 10-9-2024;520.9584526545331;22.690386094090915;22.000103275275436
13:36:42 10-9-2024;520.9179708261024;22.70496159211757;22.002522532540162
13:36:44 10-9-2024;520.9111560863823;22.708723977863098;22.001052507290485
13:36:46 10-9-2024;520.9421815352923;22.689131084602593;22.000246360596083
13:36:48 10-9-2024;520.9324016160638;22.7069846120963;22.002578651151893
13:36:50 10-9-2024;520.9105652039607;22.718558481293837;22.002683174522648
13:36:52 10-9-2024;520.9410486193684;22.700713365687687;22.01078763244592
13:36:54 10-9-2024;520.9554693447009;22.660876179276602;22.001213893831526
13:36:56 10-9-2024;520.9165974274036;22.65507090943881;22.01040674199107
13:36:58 10-9-2024;520.9067604497643;22.684613936039312;22.001135231404916
13:37:0 10-9-2024;520.9180760166533;22.672330025023214;22.000381541191
13:37:2 10-9-2024;520.9042879964231;22.646538248160493;22.000084413882398
13:37:4 10-9-2024;520.9550625961527;22.67799542070459;22.00002694645311
13:37:6 10-9-2024;520.9291396508291;22.669709985687692;22.000005880509757
13:37:8 10-9-2024;520.9576107812447;22.690767179626278;22.010001877762512
13:37:10 10-9-2024;520.9158481610692;22.690627175526657;22.001045722336862
13:37:12 10-9-2024;520.9310849170292;22.698257641226917;22.000352967783698
13:37:14 10-9-2024;520.9186924412238;22.664249257920385;22.000078178280308
13:37:16 10-9-2024;520.9453218296525;22.659373107756924;22.000024955302102
13:37:18 10-9-2024;520.9019048767968;22.685657955236017;22.000005445924938
13:37:20 10-9-2024;520.9469136824403;22.709748406032517;22.000001738990335
13:37:22 10-9-2024;520.9128131818446;22.687972532459398;22.00000037954871
13:37:24 10-9-2024;520.934199026143;22.65804293332626;22.000000121197985
13:37:26 10-9-2024;520.9159470882444;22.675816222224142;22.00000003870109
13:37:28 10-9-2024;520.8968312472284;22.673005279888727;22.000000008446822
13:37:30 10-9-2024;520.9313228759271;22.637237689418207;22.00000000269725
13:37:32 10-9-2024;520.9104254880174;22.67935353048452;22.0000000005887
13:37:34 10-9-2024;520.9364467851758;22.698863924659555;22.000000000187985
13:37:36 10-9-2024;520.8938266382704;22.689806533884276;22.00000000004103
13:37:38 10-9-2024;520.9331406283266;22.684820306021518;22.000000000013102
13:37:40 10-9-2024;520.9063443236062;22.70486502476287;22.000000000002856
13:37:42 10-9-2024;520.9315579108513;22.709527394372262;22.002125000000916
13:37:44 10-9-2024;520.9622927705859;22.719290570698007;22.00053736328145
13:37:46 10-9-2024;520.9438016984415;22.71285420795256;22.000167859436097
13:37:48 10-9-2024;520.926545780896;22.7422853181041;22.00003647377604
13:37:50 10-9-2024;520.914859802945;22.715012168424728;22.000011651668636
13:37:52 10-9-2024;520.9064125103761;22.67245212496284;22.00000254330886
13:37:54 10-9-2024;520.9204347827347;22.686055287941077;22.000000812127666
13:37:56 10-9-2024;520.9374195019763;22.670925540802646;22.00000017725317
13:37:58 10-9-2024;520.9473440673287;22.681965599227066;22.000000056600697
13:38:0 10-9-2024;520.951004432359;22.65545492022904;22.000000012353564
13:38:2 10-9-2024;520.9402930387974;22.696505411481834;22.002125003944755
13:38:4 10-9-2024;520.9431422053824;22.70047931892472;22.002662364142225
13:38:6 10-9-2024;520.9631845383245;22.70065707098925;22.000927625335965
13:38:8 10-9-2024;520.9411772322137;22.646718000630546;22.00020433327207
13:38:10 10-9-2024;520.9427644554763;22.665996017626373;22.000065070124567
13:38:12 10-9-2024;520.9629779989338;22.649704682725673;22.00001419498167
13:38:14 10-9-2024;520.9398542529404;22.68297447776785;22.000004533022466
13:38:16 10-9-2024;520.9350183869311;22.720242890402577;22.001907239381133
13:38:18 10-9-2024;520.929357085693;22.6908645687463;22.00303767921133
13:38:20 10-9-2024;520.914729123738;22.677295191435423;22.002780051672175
13:38:22 10-9-2024;520.9496413523788;22.67278234745189;22.00081864935904
13:38:24 10-9-2024;520.936027375141;22.655658574807106;22.000175355288988
13:38:26 10-9-2024;520.9402991003984;22.67094395758997;22.00255606807484
13:38:28 10-9-2024;520.9186056673719;22.648009285596036;22.00077200690051
13:38:30 10-9-2024;520.9387025456124;22.716240264571987;22.00274869912652
13:38:32 10-9-2024;520.9438470383656;22.674154468257285;22.000814037194882
13:38:34 10-9-2024;520.9499903718294;22.67103931330108;22.0027621121621
13:38:36 10-9-2024;520.9456198921847;22.718113615988212;22.01081696441387
13:38:38 10-9-2024;520.9306206676102;22.660692329052676;22.002169296899332
13:38:40 10-9-2024;520.9372504492429;22.69944474492809;22.00041023971752
13:38:42 10-9-2024;520.963812091175;22.708797927754386;22.000132288855195
13:38:44 10-9-2024;520.9470967830136;22.692375450384134;22.000028944766576
13:38:46 10-9-2024;520.9344246695139;22.678179799191568;22.000009241800825
13:38:48 10-9-2024;520.9588917998752;22.698390065912495;22.00000201703752
13:38:50 10-9-2024;520.9443525430397;22.693938408345915;22.000000644082863
13:38:52 10-9-2024;520.9318039059409;22.623808511643787;22.000000140576326
13:38:54 10-9-2024;520.950123759098;22.663059377149462;22.000000044889003
13:38:56 10-9-2024;520.9481890677056;22.640011465741864;22.00000000979739
13:38:58 10-9-2024;520.9472460922897;22.646722291925713;22.000000003128516
13:39:0 10-9-2024;520.9390924132277;22.658439506290655;22.000000000682824
13:39:2 10-9-2024;520.9188421460516;22.649340075334436;22.00000000021804
13:39:4 10-9-2024;520.9287492807778;22.636743304434766;22.000000000047592
13:39:6 10-9-2024;520.9267713669318;22.600885019618254;22.000000000015195
13:39:8 10-9-2024;520.9380174485067;22.600409299048614;22.00000000000332
13:39:10 10-9-2024;520.9248835770787;22.619169320735605;22.000000000001062
13:39:12 10-9-2024;520.9030935695624;22.626386681269288;22.000000000000234
13:39:14 10-9-2024;520.8719361292975;22.577727281592882;22.000000000000075
13:39:16 10-9-2024;520.9161204039152;22.622610982663957;22.000000000000018
13:39:18 10-9-2024;520.9285438401387;22.60862794107565;22.000000000000004
13:39:20 10-9-2024;520.9340674787182;22.60290865604933;22.002499999999998
13:39:22 10-9-2024;520.91067442802;22.582128053023272;22.0010453125
13:39:24 10-9-2024;520.9159404268479;22.583365446546555;22.0002447902832
13:39:26 10-9-2024;520.9066945537465;22.575604920246462;22.00007814971695
13:39:28 10-9-2024;520.8819752061692;22.603751263843403;22.000017049455383
13:39:30 10-9-2024;520.9247105112831;22.549160742380952;22.00213044393423
13:39:32 10-9-2024;520.9176427163744;22.60984657415258;22.000538551455588
13:39:34 10-9-2024;520.9171115417041;22.590620579361456;22.000168238846
13:39:36 10-9-2024;520.9112252337012;22.57059447617494;22.00003655658535
13:39:38 10-9-2024;520.9062370910482;22.581982232970166;22.000011678111402
13:39:40 10-9-2024;520.9183366700389;22.657233868621173;22.000002549080207
13:39:42 10-9-2024;520.9119549716154;22.61205900312355;22.000000813970583
13:39:44 10-9-2024;520.9113248341977;22.656252561404308;22.0000001776554
13:39:46 10-9-2024;520.9439273639914;22.62505465131407;22.000000056729142
13:39:48 10-9-2024;520.8806136402508;22.61290516187527;22.000000012381594
13:39:50 10-9-2024;520.9380936260397;22.608103431429257;22.000000003953705
13:39:52 10-9-2024;520.9132330805667;22.635519426819315;22.000000000862926
13:39:54 10-9-2024;520.9074594873042;22.657332339736833;22.00000000027555
13:39:56 10-9-2024;520.9396491825393;22.719100014198936;22.00000000006014
13:39:58 10-9-2024;520.9501332940722;22.664054684646118;22.000000000019202
13:40:0 10-9-2024;520.926848111176;22.669143884874078;22.000000000004196
13:40:2 10-9-2024;520.9084442682522;22.64820373085661;22.002500000001337
13:40:4 10-9-2024;520.9376532755653;22.6373062122572;22.00075976562529
13:40:6 10-9-2024;520.9490985426177;22.687608828979286;22.012744790283296
13:40:8 10-9-2024;520.9438167120721;22.660163838867472;22.001858496561795
13:40:10 10-9-2024;520.9506722336655;22.71142217758099;22.00061467665266
13:40:12 10-9-2024;520.9178016973933;22.618938291253254;22.002260289047186
13:40:14 10-9-2024;520.902107389585;22.61111080784748;22.010802949435945
13:40:16 10-9-2024;520.9314981439093;22.66607515962307;22.01122259609301
13:40:18 10-9-2024;520.9324472428955;22.66528627988181;22.00231551468916
13:40:20 10-9-2024;520.9138016289868;22.64160990553806;22.000443295112703
13:40:22 10-9-2024;520.929042285297;22.578897998406124;22.00014284390193
13:40:24 10-9-2024;520.9096936638423;22.58932002896593;22.001937498019338
13:40:26 10-9-2024;520.9234715216801;22.601456647570878;22.0030473405361
13:40:28 10-9-2024;520.9407909747245;22.629990280437703;22.000875910273567
13:40:30 10-9-2024;520.9372018157271;22.61431195929451;22.000281959398997
13:40:32 10-9-2024;520.9276672853198;22.663268606748822;22.000061535153925
13:40:34 10-9-2024;520.937723062534;22.59911137663674;22.000019641225567
13:40:36 10-9-2024;520.9134240493428;22.63602028503573;22.000004286564067
13:40:38 10-9-2024;520.9414946861966;22.641633832776584;22.00000136880499
13:40:40 10-9-2024;520.9052879225303;22.602643488046887;22.000000298753392
13:40:42 10-9-2024;520.9225588224018;22.630541630195157;22.00000009539828
13:40:44 10-9-2024;520.9410123368833;22.64795588038353;22.002125020821445
13:40:46 10-9-2024;520.8808886559921;22.628924982445625;22.003259772273726
13:40:48 10-9-2024;520.9312998064968;22.615127505513605;22.000927626512173
13:40:50 10-9-2024;520.9223600940882;22.620205182663568;22.000298209183356
13:40:52 10-9-2024;520.9017893408543;22.64786303038689;22.000065070206542
13:40:54 10-9-2024;520.9219444215196;22.592592720010355;22.000020770381138
13:40:56 10-9-2024;520.9348909973447;22.59793882438298;22.000004533028175
13:40:58 10-9-2024;520.9018111612534;22.667103291898;22.010001447505875
13:41:0 10-9-2024;520.9043207342181;22.62693787879327;22.00104562843048
13:41:2 10-9-2024;520.8794951387332;22.605396266989423;22.002852937797346
13:41:4 10-9-2024;520.9173664502684;22.573181644555554;22.000837937360544
13:41:6 10-9-2024;520.8981463538391;22.599403055512106;22.000269743495423
13:41:8 10-9-2024;520.9035428989821;22.58572356619033;22.000086116915686
13:41:10 10-9-2024;520.9099093546798;22.565982094394638;22.000018788300064
13:41:12 10-9-2024;520.9125287146996;22.5910503172456;22.00213099918424
13:41:14 10-9-2024;520.9249419058294;22.609741246292497;22.000538672643422
13:41:16 10-9-2024;520.9026500784122;22.590683993058594;22.00011425287241
13:41:18 10-9-2024;520.8803817111836;22.561313643840865;22.00003656503147
13:41:20 10-9-2024;520.9448953904889;22.55811144095239;22.01001168080843
13:41:22 10-9-2024;520.9185173398814;22.60333809139146;22.001047862168857
13:41:24 10-9-2024;520.9172462569368;22.632822726888577;22.00035365107262
13:41:26 10-9-2024;520.9439388267033;22.62660735168928;22.002578327413378
13:41:28 10-9-2024;520.9307771535755;22.604283760651143;22.001070315423455
13:41:30 10-9-2024;520.9150134049158;22.575734926626364;22.002750246601884
13:41:32 10-9-2024;520.9085836733472;22.587732642811936;22.001125204526225
13:41:34 10-9-2024;520.902123563726;22.636343766800984;22.000262220011685
13:41:36 10-9-2024;520.9203025692053;22.604175526697603;22.000083715080475
13:41:38 10-9-2024;520.9477659873442;22.66036398157608;22.000018264132652
13:41:40 10-9-2024;520.9000626418097;22.601091786079827;22.000005831807144
13:41:42 10-9-2024;520.909656613894;22.612830643980416;22.00000127283077
13:41:44 10-9-2024;520.9153096960658;22.653245269749974;22.00000040644256
13:41:46 10-9-2024;520.9140742207921;22.62949282615739;22.002125088709406
13:41:48 10-9-2024;520.9096701931554;22.610139726256218;22.000759793951794
13:41:50 10-9-2024;520.8688530376381;22.580468650183214;22.00016786561859
13:41:52 10-9-2024;520.8906763956152;22.625471837788986;22.002178420410992
13:41:54 10-9-2024;520.8872952697768;22.63673886658452;22.00054901538077
13:41:56 10-9-2024;520.9141806009932;22.60159061813424;22.000171580467086
13:41:58 10-9-2024;520.8954026113714;22.58316732532479;22.000037285933725
13:42:0 10-9-2024;520.8949629327178;22.5563782182469;22.000011911007512
13:42:2 10-9-2024;520.9287702175101;22.619982013042915;22.000002599911653
13:42:4 10-9-2024;520.9182393617475;22.639398393013636;22.010000830202138
13:42:6 10-9-2024;520.9194006312188;22.621740401413668;22.001045493698072
13:42:8 10-9-2024;520.8667049556343;22.661547063976464;22.00035289477445
13:42:10 10-9-2024;520.8976268417556;22.642696253554675;22.000078162345446
13:42:12 10-9-2024;520.9140947315133;22.653660874717563;22.000024950213767
13:42:14 10-9-2024;520.923122933443;22.58182250919547;22.000005444814366
13:42:16 10-9-2024;520.9010003137998;22.59389051825193;22.000001738635703
13:42:18 10-9-2024;520.9136343993631;22.59060792160983;22.00212537947131
13:42:20 10-9-2024;520.9225460767101;22.58743701168803;22.00325988679827
13:42:22 10-9-2024;520.8977083753047;22.61318160994979;22.003052651508085
13:42:24 10-9-2024;520.8721942673961;22.582658747975387;22.011057982790085
13:42:26 10-9-2024;520.9275613034625;22.65722491408116;22.013403243884653
13:42:28 10-9-2024;520.9033305017849;22.594370905644578;22.013093041913258
13:42:30 10-9-2024;520.949327006558;22.593950588219066;22.001660343385268
13:42:32 10-9-2024;520.9191478209193;22.61117459350401;22.000550337063057
13:42:34 10-9-2024;520.8947540183254;22.657658864644546;22.002621319567638
13:42:36 10-9-2024;520.9090258824938;22.61637333766829;22.001084043098196
13:42:38 10-9-2024;520.9040292752356;22.668802384873956;22.00237824272961
13:42:40 10-9-2024;520.8895716518841;22.61789475051076;22.003340614378107
13:42:42 10-9-2024;520.8990669304233;22.677252199377666;22.00307026360291
13:42:44 10-9-2024;520.8923461569613;22.561390105371153;22.001063606387056
13:42:46 10-9-2024;520.9296068175123;22.575226521097516;22.00023415877184
13:42:48 10-9-2024;520.9047654950583;22.622580172567982;22.00219958130566
13:42:50 10-9-2024;520.9155660553513;22.571400902918935;22.00055363364171
13:42:52 10-9-2024;520.9286448043324;22.576362790244723;22.00017305518959
13:42:54 10-9-2024;520.8851476168363;22.60436652678316;22.001943857804456
13:42:56 10-9-2024;520.944725861533;22.61766525709433;22.000549377068896
13:42:58 10-9-2024;520.9392527592997;22.667252729181268;22.000116589437148
13:43:0 10-9-2024;520.9379798581207;22.654184125212492;22.002162311141372
13:43:2 10-9-2024;520.9223823393486;22.621079222730675;22.00054551099634
13:43:4 10-9-2024;520.9197146825358;22.608497136002207;22.00017046110452
13:43:6 10-9-2024;520.9327565865593;22.658377465697914;22.00003704160702
13:43:8 10-9-2024;520.9081118227563;22.64152932672864;22.000011832989145
13:43:10 10-9-2024;520.910630997166;22.64328589153235;22.00000258288353
13:43:12 10-9-2024;520.9360472247868;22.743986309263956;22.0000008247647
13:43:14 10-9-2024;520.9420154533652;22.66098020633189;22.000000180011302
13:43:16 10-9-2024;520.9039378668973;22.636585772312607;22.000000057481433
13:43:18 10-9-2024;520.9125551154652;22.635013728284047;22.000000012545787
13:43:20 10-9-2024;520.9172625887272;22.628254140189984;22.000000004006136
13:43:22 10-9-2024;520.9259427628424;22.63938389391337;22.000000000874373
13:43:24 10-9-2024;520.9289114636341;22.661037955351315;22.000000000279208
13:43:26 10-9-2024;520.9307682004544;22.552565027683034;22.00000000006094
13:43:28 10-9-2024;520.9261190894376;22.554559322773724;22.00000000001946
13:43:30 10-9-2024;520.9117801212827;22.60161821197682;22.00000000000425
13:43:32 10-9-2024;520.9388168763807;22.587802818073584;22.000000000001357
13:43:34 10-9-2024;520.9201509524511;22.599667001072184;22.000000000000295
13:43:36 10-9-2024;520.9372943171527;22.62957307183951;22.000000000000092
13:43:38 10-9-2024;520.8793414319439;22.603689444782447;22.00000000000002
13:43:40 10-9-2024;520.8977023993682;22.539628941085134;22.000000000000007
13:43:42 10-9-2024;520.9373996704091;22.571789459352424;22
13:43:44 10-9-2024;520.9152063390138;22.588582075319405;22
13:43:46 10-9-2024;520.905794872238;22.584427951477892;22
13:43:48 10-9-2024;520.916938160323;22.603803799584025;22
13:43:50 10-9-2024;520.9034274878353;22.605305202609237;22.002499999999998
13:43:52 10-9-2024;520.9249227786098;22.573567481047043;22.0110453125
13:43:54 10-9-2024;520.8898803964107;22.59439250187685;22.001290102783205
13:43:56 10-9-2024;520.9365812153704;22.593152057449775;22.000430986631013
13:43:58 10-9-2024;520.9074282502867;22.608088157623726;22.000095199172335
13:44:0 10-9-2024;520.9169045464204;22.571131359775404;22.002530390115446
13:44:2 10-9-2024;520.8788659662277;22.598675041592745;22.00076639773357
13:44:4 10-9-2024;520.9175895272739;22.61381014758171;22.00024690804783
13:44:6 10-9-2024;520.9113025236725;22.681878131761547;22.001960130656066
13:44:8 10-9-2024;520.9110686487455;22.627743449523845;22.000554560333093
13:44:10 10-9-2024;520.9414821403292;22.66375899645158;22.000117720200475
13:44:12 10-9-2024;520.9472180440263;22.654951104646116;22.000037672237017
13:44:14 10-9-2024;520.9275824133618;22.61945266106474;22.00000822652802
13:44:16 10-9-2024;520.8989535547828;22.648060163497668;22.000002626835105
13:44:18 10-9-2024;520.9222242515198;22.61983773215318;22.000000573323813
13:44:20 10-9-2024;520.9086445199918;22.63089525387719;22.000000183074487
13:44:22 10-9-2024;520.9265511947759;22.646397793737886;22.00212503995749
13:44:24 10-9-2024;520.8851042068792;22.69231125341848;22.010759778384276
13:44:26 10-9-2024;520.9116438455615;22.692331816834212;22.00121317472085
13:44:28 10-9-2024;520.896489467539;22.6281520610945;22.002531256240086
13:44:30 10-9-2024;520.8759383975669;22.634755939983513;22.00062716486092
13:44:32 10-9-2024;520.9050990988276;22.62007555349968;22.002696526572688
13:44:34 10-9-2024;520.9235609037622;22.678156726705694;22.00080249547645
13:44:36 10-9-2024;520.9035981389054;22.65944425350678;22.0002584396401
13:44:38 10-9-2024;520.8888085182195;22.683137446125475;22.000056397757245
13:44:40 10-9-2024;520.8580198869805;22.655790630887765;22.000018000810844
13:44:42 10-9-2024;520.8912878364667;22.594044646707154;22.002503928534225
13:44:44 10-9-2024;520.8991065708378;22.648707660349586;22.00104656697844
13:44:46 10-9-2024;520.91405745239;22.64932003990188;22.0002450640839
13:44:48 10-9-2024;520.9270966576053;22.661333203524926;22.000078237147303
13:44:50 10-9-2024;520.9130282134428;22.63009918400821;22.00001706853777
13:44:52 10-9-2024;520.9110808684685;22.62666740414514;22.00000545002764
13:44:54 10-9-2024;520.926056089016;22.682463623178396;22.000001740300412
13:44:56 10-9-2024;520.9135250593755;22.662502363218334;22.000000379834642
13:44:58 10-9-2024;520.9350378269007;22.723606851263824;22.001906332902013
13:45:0 10-9-2024;520.9262563619174;22.6927596391255;22.00053738975362
13:45:2 10-9-2024;520.9163124961079;22.614146303897186;22.000113972870704
13:45:4 10-9-2024;520.9154543217921;22.651933036384;22.000036475621002
13:45:6 10-9-2024;520.9235330261811;22.6656627414025;22.000011652257772
13:45:8 10-9-2024;520.9194058126167;22.645385726451366;22.000002543437443
13:45:10 10-9-2024;520.9418668288217;22.64944980718681;22.00000081216873
13:45:12 10-9-2024;520.9219251301535;22.66067074316317;22.001906427262135
13:45:14 10-9-2024;520.8914532679141;22.65210780143584;22.000537419884814
13:45:16 10-9-2024;520.9196225081118;22.660084689180866;22.010113979447084
13:45:18 10-9-2024;520.8973603378071;22.647913528647788;22.001942727720976
13:45:20 10-9-2024;520.9008035724662;22.66595883402119;22.00286080272867
13:45:22 10-9-2024;520.9017624481141;22.6368003190604;22.001161823176695
13:45:24 10-9-2024;520.8778374790683;22.636009486806145;22.00027029161796
13:45:26 10-9-2024;520.8969973925343;22.669657917332405;22.01008629194287
13:45:28 10-9-2024;520.8802337340728;22.641372393247316;22.001064139001166
13:45:30 10-9-2024;520.9328679948527;22.639979815892634;22.000358848296724
13:45:32 10-9-2024;520.9334899739418;22.622717919702268;22.00198571174153
13:45:34 10-9-2024;520.8963310453643;22.659005430827417;22.000562728420444
13:45:36 10-9-2024;520.9004827668167;22.677042510065867;22.000119502468124
13:45:38 10-9-2024;520.9202156544034;22.615874925731926;22.000038241329733
13:45:40 10-9-2024;520.9300568060402;22.64495375363741;22.000008350736486
13:45:42 10-9-2024;520.911900382252;22.681298127873927;22.000002666497554
13:45:44 10-9-2024;520.9137448119236;22.70505739598145;22.01190683198046
13:45:46 10-9-2024;520.8890742166682;22.675182250927694;22.002443799119987
13:45:48 10-9-2024;520.9435032214219;22.665269989688916;22.00237309456777
13:45:50 10-9-2024;520.9258895466378;22.624500164251668;22.0006878171021
13:45:52 10-9-2024;520.9600664639372;22.703906245022594;22.000146881054565
13:45:54 10-9-2024;520.9060334139198;22.689580444172964;22.00217198294115
13:45:56 10-9-2024;520.8526528591684;22.54596744752135;22.000547621880045
13:45:58 10-9-2024;520.8380940020971;22.548144070143437;22.000171135154506
13:46:0 10-9-2024;520.912353677828;22.595537388264464;22.000037188723915
13:46:2 10-9-2024;520.9216365142721;22.599870896902928;22.000011879966692
13:46:4 10-9-2024;520.8924786779968;22.601845959679537;22.00000259313676
13:46:6 10-9-2024;520.8949415417153;22.628474507047645;22.000000828038775
13:46:8 10-9-2024;520.9243331896383;22.615520826090048;22.000000180725902
13:46:10 10-9-2024;520.9116946470118;22.650479775408208;22.002500057709614
13:46:12 10-9-2024;520.9186596851774;22.6100097590183;22.00075977822059
13:46:14 10-9-2024;520.9408678862661;22.600127023079043;22.000244794305246
13:46:16 10-9-2024;520.9393748529046;22.670719552177133;22.000053419314618
13:46:18 10-9-2024;520.8935592216234;22.660324415064867;22.0000170497357
13:46:20 10-9-2024;520.936487504062;22.67771397940041;22.00000372095464
13:46:22 10-9-2024;520.9516330993979;22.68878106309788;22.002501188193875
13:46:24 10-9-2024;520.9335261754973;22.664245035775988;22.010760024958554
13:46:26 10-9-2024;520.9387374116784;22.666716819456735;22.004276123093888
13:46:28 10-9-2024;520.9102366147106;22.664270908995572;22.00094363670619
13:46:30 10-9-2024;520.9282931086185;22.702384735948414;22.010298881755762
13:46:32 10-9-2024;520.9418398252741;22.694551531227923;22.001110454610366
13:46:34 10-9-2024;520.9090203767839;22.69304790724008;22.010373642112857
13:46:36 10-9-2024;520.9335808299667;22.725021020328484;22.013034253297544
13:46:38 10-9-2024;520.9235410492574;22.71617601916282;22.00282284643509
13:46:40 10-9-2024;520.9147316632699;22.683297806512435;22.000550714144914
13:46:42 10-9-2024;520.9319636197292;22.70145339862123;22.000177226465745
13:46:44 10-9-2024;520.8991937184951;22.703260840190982;22.002163756536373
13:46:46 10-9-2024;520.9278254932955;22.72533058201796;22.010772140439173
13:46:48 10-9-2024;520.9420675611466;22.701615630697873;22.00121587277424
13:46:50 10-9-2024;520.9262207443738;22.72349676406254;22.000407117785844
13:46:52 10-9-2024;520.921876171523;22.62946144961519;22.000089989619035
13:46:54 10-9-2024;520.9159164976992;22.635810673371523;22.00002872718161
13:46:56 10-9-2024;520.9056067073928;22.677487937964766;22.000006269180723
13:46:58 10-9-2024;520.8720210592763;22.678124439979896;22.000002001873064
13:47:0 10-9-2024;520.8828879967659;22.669475887166293;22.000000436924978
13:47:2 10-9-2024;520.9140953087733;22.65527103554233;22.000000139519447
13:47:4 10-9-2024;520.9277231990387;22.672650121221558;22.000000030451247
13:47:6 10-9-2024;520.9136330681675;22.64232218649357;22.00000000972373
13:47:8 10-9-2024;520.8838102059748;22.59994824195542;22.010000002122283
13:47:10 10-9-2024;520.9007049816037;22.67381620563381;22.01190625067769
13:47:12 10-9-2024;520.92635914386;22.67699817778106;22.00139814956197
13:47:14 10-9-2024;520.8885094013378;22.678139859742036;22.000466804054188
13:47:16 10-9-2024;520.8743148437059;22.66493054230054;22.000103095908475
13:47:18 10-9-2024;520.9093036313693;22.617789873244767;22.000032911138096
13:47:20 10-9-2024;520.9130164824408;22.62546951106176;22.000007182289604
13:47:22 10-9-2024;520.9176193816484;22.657162758024857;22.000002293448418
13:47:24 10-9-2024;520.8823967287441;22.626439326052314;22.0000005005637
13:47:26 10-9-2024;520.940441879486;22.67092518570483;22.000000159840642
13:47:28 10-9-2024;520.9395160226595;22.68039613280345;22.000000034886515
13:47:30 10-9-2024;520.9181171136638;22.676692255232794;22.002125011140002
13:47:32 10-9-2024;520.9347002656684;22.62363842094413;22.000537365712646
13:47:34 10-9-2024;520.9336168547243;22.687374149628898;22.002292860212428
13:47:36 10-9-2024;520.9384264946661;22.655533369906863;22.010573837226733
13:47:38 10-9-2024;520.9166298604717;22.635316608260435;22.002085761158774
13:47:40 10-9-2024;520.9083819727402;22.668848576801203;22.000391854010754
13:47:42 10-9-2024;520.8862458898218;22.659107832361034;22.000126430892966
13:47:44 10-9-2024;520.925511131413;22.696631506009915;22.00002766674407
13:47:46 10-9-2024;520.9293269498421;22.68597428285678;22.000008833682216
13:47:48 10-9-2024;520.898065256959;22.706457161611958;22.002126927961445
13:47:50 10-9-2024;520.8799616978434;22.69772748808407;22.010760381264006
13:47:52 10-9-2024;520.9504384897263;22.723849535647307;22.003119556304256
13:47:54 10-9-2024;520.9350537391973;22.682794864150523;22.00094366153871
13:47:56 10-9-2024;520.892111983167;22.670815395028832;22.000203777843197
13:47:58 10-9-2024;520.9146792971624;22.659460611225626;22.000065143841056
13:48:0 10-9-2024;520.9009517512425;22.670525802655515;22.000014221668156
13:48:2 10-9-2024;520.9455508746948;22.711289127781523;22.000004541201214
13:48:4 10-9-2024;520.9202369835688;22.731367922304308;22.000000991149687
13:48:6 10-9-2024;520.9221809770787;22.691297208730056;22.004625316495183
13:48:8 10-9-2024;520.9034010429057;22.704987456899424;22.00320344798389
13:48:10 10-9-2024;520.915111028919;22.677196028692546;22.000950035058445
13:48:12 10-9-2024;520.9041890810465;22.690180151782204;22.002703864120026
13:48:14 10-9-2024;520.937402403642;22.725394319396123;22.003235488937356
13:48:16 10-9-2024;520.9266989694859;22.6717115996544;22.00079638305589
13:48:18 10-9-2024;520.9237316317852;22.701241881594783;22.00025055287099
13:48:20 10-9-2024;520.9320593687895;22.64669961095435;22.01005451493079
13:48:22 10-9-2024;520.9249783218715;22.635187360850008;22.001923662273523
13:48:24 10-9-2024;520.8753746454448;22.709950693900726;22.000356637513192
13:48:26 10-9-2024;520.9118290930136;22.703839829835292;22.002240180700717
13:48:28 10-9-2024;520.9195723587527;22.668702792413338;22.00056257434196
13:48:30 10-9-2024;520.9347446905122;22.64277449814272;22.002300908971268
13:48:32 10-9-2024;520.962753921744;22.738646786856908;22.000575593872558
13:48:34 10-9-2024;520.9126255942712;22.699325928292158;22.000180072093066
13:48:36 10-9-2024;520.9243304958945;22.673495155692827;22.00003913952517
13:48:38 10-9-2024;520.8873464298574;22.72290799184803;22.002137502894083
13:48:40 10-9-2024;520.9406272409052;22.655819761746972;22.000540092376685
13:48:42 10-9-2024;520.9083955556923;22.66721915300296;22.002293730889303
13:48:44 10-9-2024;520.919449005615;22.646006483492407;22.00057402725874
13:48:46 10-9-2024;520.9159767125597;22.651670626413665;22.000179571840032
13:48:48 10-9-2024;520.9094525793973;22.664372242372604;22.00003903034087
13:48:50 10-9-2024;520.9033158823161;22.6205608366144;22.00001246802922
13:48:52 10-9-2024;520.9107927980589;22.685284407840832;22.00000398157441
13:48:54 10-9-2024;520.9428481191106;22.70308671998369;22.00212586902338
13:48:56 10-9-2024;520.9100756259626;22.71182707749876;22.0007600431223
13:48:58 10-9-2024;520.9365388311586;22.66488174059855;22.00207417000205
13:49:0 10-9-2024;520.9533667444092;22.708989516022044;22.000590801058035
13:49:2 10-9-2024;520.9347727293695;22.663678220204524;22.00012562298264
13:49:4 10-9-2024;520.9136836308182;22.638477522475632;22.000040196017373
13:49:6 10-9-2024;520.9509848256147;22.68969561023982;22.000008777375445
13:49:8 10-9-2024;520.9428986949524;22.69282712197843;22.01000280273209
13:49:10 10-9-2024;520.9686107728749;22.707565155135622;22.00104592421474
13:49:12 10-9-2024;520.9394513992715;22.730145783483408;22.010353032247586
13:49:14 10-9-2024;520.9303794488557;22.677049902810367;22.001123504850074
13:49:16 10-9-2024;520.9278741173639;22.664719590299658;22.00037779670894
13:49:18 10-9-2024;520.9387514613485;22.681247873585814;22.000083596622467
13:49:20 10-9-2024;520.9568586347866;22.73685899300453;22.00002668548467
13:49:22 10-9-2024;520.9161419724164;22.677997203823377;22.00213082355128
13:49:24 10-9-2024;520.9095522957159;22.62843681091274;22.000761625199463
13:49:26 10-9-2024;520.9305420039;22.60251398300678;22.00016826530321
13:49:28 10-9-2024;520.9140149931914;22.605440013000216;22.0100535480388
13:49:30 10-9-2024;520.9150521939969;22.658556515973586;22.001056992455325
13:49:32 10-9-2024;520.8959323761703;22.657688434890805;22.000356566840065
13:49:34 10-9-2024;520.9182626162631;22.66201255931618;22.000078963816044
13:49:36 10-9-2024;520.9296855927914;22.647547769703507;22.000025206140023
13:49:38 10-9-2024;520.9125706965866;22.634772242972513;22.000005500672327
13:49:40 10-9-2024;520.931579113843;22.67241424198282;22.000001756472336
13:49:42 10-9-2024;520.921493918402;22.701159473562655;22.000000383364295
13:49:44 10-9-2024;520.93816465931;22.69978020524999;22.000000122416388
13:49:46 10-9-2024;520.9091102191637;22.670864821408557;22.00000002671837
13:49:48 10-9-2024;520.9104797802323;22.67307580872486;22.000000008531742
13:49:50 10-9-2024;520.9401193625749;22.720383333480548;22.004031251862123
13:49:52 10-9-2024;520.940671010694;22.6813958860349;22.001297129500866
13:49:54 10-9-2024;520.9504523482499;22.70093205390769;22.000281826658707
13:49:56 10-9-2024;520.9469717765256;22.693035595549254;22.00008989225424
13:49:58 10-9-2024;520.9452002984791;22.656636984656245;22.000019616631263
13:50:0 10-9-2024;520.9382192458747;22.715304421538768;22.000006264205204
13:50:2 10-9-2024;520.8912279974155;22.711009205792244;22.004407617221833
13:50:4 10-9-2024;520.90978355406;22.709941615469337;22.003708112363913
13:50:6 10-9-2024;520.9244517305435;22.686479689267586;22.003396215945035
13:50:8 10-9-2024;520.941461275361;22.656814874390456;22.001327825856393
13:50:10 10-9-2024;520.9567612807666;22.709904878764963;22.002212535109226
13:50:12 10-9-2024;520.9103820529695;22.668628435976238;22.000635154030537
13:50:14 10-9-2024;520.9411437564688;22.708988767148423;22.000135303587854
13:50:16 10-9-2024;520.9083065680763;22.681480796607083;22.01004328664886
13:50:18 10-9-2024;520.9419177741657;22.614774304211092;22.001054764409623
13:50:20 10-9-2024;520.925526168295;22.601984731323235;22.000355855040226
13:50:22 10-9-2024;520.903532507636;22.65742405962525;22.00007880844323
13:50:24 10-9-2024;520.8855155407236;22.629841860969663;22.000025156526526
13:50:26 10-9-2024;520.8771137204;22.648471381769834;22.0100054898438
13:50:28 10-9-2024;520.9126734075352;22.648383451768673;22.001908003014552
13:50:30 10-9-2024;520.9078713768956;22.63077314684277;22.010353219523676
13:50:32 10-9-2024;520.9257812929856;22.64018212747503;22.00202033926829
13:50:34 10-9-2024;520.8790783141975;22.64293514290013;22.00250280976105
13:50:36 10-9-2024;520.8516336905622;22.601101122033352;22.000881706186426
13:50:38 10-9-2024;520.9060618121406;22.66525166291732;22.010194545830366
13:50:40 10-9-2024;520.892436133499;22.641984651518452;22.001968189077342
13:50:42 10-9-2024;520.8880418653054;22.62776127072948;22.00036634822056
13:50:44 10-9-2024;520.8964966759786;22.702984484870484;22.00224328180819
13:50:46 10-9-2024;520.8851717658033;22.715215928395477;22.000563251196585
13:50:48 10-9-2024;520.883836347764;22.655243616678316;22.002301125105
13:50:50 10-9-2024;520.8934123776249;22.648070561990792;22.000575641045483
13:50:52 10-9-2024;520.9146140371845;22.598567208314027;22.000180087156387
13:50:54 10-9-2024;520.9341636986494;22.660355651468677;22.00003914281286
13:50:56 10-9-2024;520.9312275963244;22.625321816701824;22.002512503943912
13:50:58 10-9-2024;520.9306993517947;22.62825843877681;22.00076249494957
13:51:0 10-9-2024;520.8996506429598;22.696799090976583;22.000245661809636
13:51:2 10-9-2024;520.9418926226009;22.688248508751162;22.00005360865421
13:51:4 10-9-2024;520.9293726911594;22.67258705392903;22.000017110195852
13:51:6 10-9-2024;520.9369812431861;22.667488608261404;22.000003734150557
13:51:8 10-9-2024;520.9420560637586;22.702406173656115;22.00000119240761
13:51:10 10-9-2024;520.9494651332104;22.68903569302399;22.000000260253238
13:51:12 10-9-2024;520.9333683623519;22.68442037814106;22.00000008310436
13:51:14 10-9-2024;520.9643323886626;22.65738191490062;22.000000018138195
13:51:16 10-9-2024;520.9197547731219;22.679285325888518;22.00000000579191
13:51:18 10-9-2024;520.9207500832291;22.668668302593705;22.000000001264134
13:51:20 10-9-2024;520.9231555772726;22.709275934932418;22.000000000403663
13:51:22 10-9-2024;520.9313971421757;22.676351188015378;22.001906250088105
13:51:24 10-9-2024;520.9308870015686;22.71209299930453;22.000537363309384
13:51:26 10-9-2024;520.9210806122231;22.664770807144446;22.010113967099034
13:51:28 10-9-2024;520.9613689388289;22.774943263604108;22.004067723777986
13:51:30 10-9-2024;520.9665219063097;22.72016213397386;22.000898165149327
13:51:32 10-9-2024;520.9485144627363;22.75160598506508;22.000284369837924
13:51:34 10-9-2024;520.9686079727173;22.734258846491997;22.00006197505081
13:51:36 10-9-2024;520.9243291710828;22.666666866780737;22.000019793875403
13:51:38 10-9-2024;520.9323418629749;22.67876844144107;22.002504320350457
13:51:40 10-9-2024;520.947911053179;22.71402346524723;22.001046692074762
13:51:42 10-9-2024;520.959018966926;22.742722736062277;22.000245091386322
13:51:44 10-9-2024;520.9672553888048;22.7149144482443;22.000078245865566
13:51:46 10-9-2024;520.9621401847673;22.756640079926914;22.000017070440602
13:51:48 10-9-2024;520.9381287775678;22.703775824671975;22.002505450635255
13:51:50 10-9-2024;520.9494409214817;22.72028042273174;22.000760955261892
13:51:52 10-9-2024;520.9420958900057;22.724290685836777;22.000245170160195
13:51:54 10-9-2024;520.9523225146338;22.752111791453174;22.00005350134803
13:51:56 10-9-2024;520.9272026662419;22.75709281222282;22.000017075930707
13:51:58 10-9-2024;520.9047026230755;22.71676023129523;22.01000372667191
13:52:0 10-9-2024;520.9543324016478;22.703037499914338;22.001907440019522
13:52:2 10-9-2024;520.952324904634;22.73937177904833;22.012853096646076
13:52:4 10-9-2024;520.9490682226652;22.72179157982613;22.00306561253082
13:52:6 10-9-2024;520.9469859950068;22.74547115493995;22.000622591480358
13:52:8 10-9-2024;520.9594876978979;22.801447967916012;22.002700087543744
13:52:10 10-9-2024;520.9292231571742;22.755825339744696;22.000803500877858
13:52:12 10-9-2024;520.9498148239193;22.75855145145376;22.00025875466741
13:52:14 10-9-2024;520.9663480622502;22.699618472167028;22.01255646620738
13:52:16 10-9-2024;520.9368750709788;22.73818683248866;22.002969585173904
13:52:18 10-9-2024;520.9313213910904;22.78494614471587;22.002726560503596
13:52:20 10-9-2024;520.896100764546;22.744305057504953;22.000953138437122
13:52:22 10-9-2024;520.9198569431225;22.73094528763233;22.00021012920592
13:52:24 10-9-2024;520.9221631403478;22.759145533240144;22.00006691486115
13:52:26 10-9-2024;520.9544863034595;22.81358377151662;22.00001459730319
13:52:28 10-9-2024;520.9637612071402;22.77434081850732;22.01000466149777
13:52:30 10-9-2024;520.9511481559967;22.758411644902733;22.00354632992223
13:52:32 10-9-2024;520.9546590183867;22.775857866599132;22.00139847429826
13:52:34 10-9-2024;520.9423959771567;22.686661830232804;22.000323010908744
13:52:36 10-9-2024;520.9329328403908;22.76346901464491;22.002228118540785
13:52:38 10-9-2024;520.9573845593102;22.722049615515317;22.00079268399007
13:52:40 10-9-2024;520.9549040853165;22.743898647707056;22.002081293302986
13:52:42 10-9-2024;520.9477828225587;22.739855764640932;22.00039087861882
13:52:44 10-9-2024;520.9702284549898;22.814026385288354;22.01225111943516
13:52:46 10-9-2024;520.9666127784989;22.78475935630223;22.00161027454743
13:52:48 10-9-2024;520.965127994237;22.760753719106486;22.00052950832553
13:52:50 10-9-2024;520.9368633578358;22.745812257007948;22.00229519931027
13:52:52 10-9-2024;520.9333973294113;22.729384768344836;22.013074575257264
13:52:54 10-9-2024;520.9477417645991;22.7557346363848;22.003131303886622
13:52:56 10-9-2024;520.9591053249763;22.763041660191934;22.000636694256805
13:52:58 10-9-2024;520.9317748263619;22.75619232317341;22.00020459656863
13:53:0 10-9-2024;520.9632907261652;22.715624158550096;22.010044719682845
13:53:2 10-9-2024;520.9529431724488;22.67529081890522;22.00192052872877
13:53:4 10-9-2024;520.9653142752878;22.688167220868245;22.00035595329262
13:53:6 10-9-2024;520.9542671520796;22.7163998581251;22.002614962219393
13:53:8 10-9-2024;520.9558296088683;22.756119500808662;22.000784929000684
13:53:10 10-9-2024;520.9456974870542;22.728762470233868;22.000252824591595
13:53:12 10-9-2024;520.9263462197549;22.770417345956957;22.000055171928675
13:53:14 10-9-2024;520.9538522990696;22.784416573161;22.000017609382564
13:53:16 10-9-2024;520.9530416725937;22.780638216484423;22.000003843102128
13:53:18 10-9-2024;520.9565767517543;22.76832411192548;22.000001227198158
13:53:20 10-9-2024;520.9516005869589;22.691672926091535;22.000000267846556
13:53:22 10-9-2024;520.976573269545;22.728410907740503;22.000000085529066
13:53:24 10-9-2024;520.9420427198919;22.779513750353075;22.00000001866741
13:53:26 10-9-2024;520.937059539885;22.75106463382963;22.0000000059609
13:53:28 10-9-2024;520.9555943273988;22.74362633790477;22.000000001301014
13:53:30 10-9-2024;520.9415883076906;22.7966036032246;22.002500000415438
13:53:32 10-9-2024;520.9463335020966;22.786879188363116;22.000759765715674
13:53:34 10-9-2024;520.9635482848505;22.765779191587285;22.00024479031216
13:53:36 10-9-2024;520.9602167234493;22.768887944865867;22.002553418443096
13:53:38 10-9-2024;520.9692032179951;22.7852618657388;22.0110623619574
13:53:40 10-9-2024;520.9659146254554;22.81744949604008;22.0137938236771
13:53:42 10-9-2024;520.9371733046368;22.76353339614274;22.00550873730549
13:53:44 10-9-2024;520.9591320137134;22.756156896355726;22.00123044898017
13:53:46 10-9-2024;520.9496796513807;22.766408497685365;22.000390449170663
13:53:48 10-9-2024;520.9628707854652;22.728049545400197;22.002210119595006
13:53:50 10-9-2024;520.9666553442578;22.716607998087518;22.002911949717422
13:53:52 10-9-2024;520.9374469527876;22.72750431648894;22.004742406034076
13:53:54 10-9-2024;520.9453741205041;22.739743781889093;22.00152030140892
13:53:56 10-9-2024;520.9660665128656;22.71788138117182;22.000330365491678
13:53:58 10-9-2024;520.9809285283133;22.743050643908557;22.002605396819995
13:54:0 10-9-2024;520.9388987248642;22.745606679548967;22.00078276650366
13:54:2 10-9-2024;520.9174251611947;22.80046645703503;22.00275213514529
13:54:4 10-9-2024;520.9337767972662;22.7272129592888;22.000814787145437
13:54:6 10-9-2024;520.9493189612979;22.7538960758114;22.010262351636943
13:54:8 10-9-2024;520.94418439633;22.74074175917503;22.00300881355618
13:54:10 10-9-2024;520.9292229465518;22.678588812872032;22.003408473501498
13:54:12 10-9-2024;520.9481864871365;22.678790367189944;22.000955870444272
13:54:14 10-9-2024;520.9298752301796;22.704102368628767;22.010307483710562
13:54:16 10-9-2024;520.9052229468186;22.695009961172662;22.001112417770376
13:54:18 10-9-2024;520.914128175904;22.753807516129466;22.000374256786927
13:54:20 10-9-2024;520.9389636779628;22.733964367064864;22.00008282448518
13:54:22 10-9-2024;520.9450795349562;22.71387079753141;22.000026438948066
13:54:24 10-9-2024;520.9527768413299;22.73186519771689;22.000005769743304
13:54:26 10-9-2024;520.9191287569331;22.72942499497111;22.000001842392386
13:54:28 10-9-2024;520.9044530302318;22.730304211620354;22.002500402117047
13:54:30 10-9-2024;520.9141901724233;22.70870396779003;22.001045440904534
13:54:32 10-9-2024;520.960016019032;22.773475444903415;22.000244818308534
13:54:34 10-9-2024;520.9224397427774;22.70094736883066;22.002578158666033
13:54:36 10-9-2024;520.9188664758608;22.64528510132724;22.003276817033594
13:54:38 10-9-2024;520.9237795627128;22.718820053330326;22.011295547341135
13:54:40 10-9-2024;520.9058595949932;22.72689505013662;22.003250959530448
13:54:42 10-9-2024;520.9230234564925;22.708585865083148;22.010985778821084
13:54:44 10-9-2024;520.9311017877858;22.700912205904135;22.0033832824775
13:54:46 10-9-2024;520.9386291533141;22.71554877085128;22.001180681050677
13:54:48 10-9-2024;520.9118983530243;22.739991648917922;22.004667121316444
13:54:50 10-9-2024;520.9305723764056;22.699681353224477;22.011665786125175
13:54:52 10-9-2024;520.925095881397;22.760129066135534;22.00354720126787
13:54:54 10-9-2024;520.938531067924;22.71880815532246;22.001233016029584
13:54:56 10-9-2024;520.9253263190948;22.731274896979453;22.00239728728834
13:54:58 10-9-2024;520.9535469726632;22.69609694228503;22.000846521020453
13:55:0 10-9-2024;520.9200111094505;22.686526693795113;22.002686786381396
13:55:2 10-9-2024;520.9268043424415;22.7472169896837;22.001104774972124
13:55:4 10-9-2024;520.9372522273351;22.732546720369854;22.00025776112405
13:55:6 10-9-2024;520.9100412732076;22.70549684240617;22.000082291849807
13:55:8 10-9-2024;520.9303431180624;22.692562223254235;22.00214295352195
13:55:10 10-9-2024;520.9119124389838;22.75363729076458;22.000765498246558
13:55:12 10-9-2024;520.9200765711464;22.787434552744653;22.002294110618703
13:55:14 10-9-2024;520.9184626237723;22.782631974059868;22.00081358359164
13:55:16 10-9-2024;520.9402757955395;22.726215999945346;22.00208584830532
13:55:18 10-9-2024;520.9235403107075;22.713481133749898;22.0005945304565
13:55:20 10-9-2024;520.9160413500995;22.697322035459642;22.000126436966596
13:55:22 10-9-2024;520.9191626088838;22.682171759726796;22.000040455939416
13:55:24 10-9-2024;520.9062048850238;22.721832006773724;22.000008834105518
13:55:26 10-9-2024;520.9247722942503;22.737801066237882;22.000002820847204
13:55:28 10-9-2024;520.9191548373507;22.68493642189385;22.01190686566851
13:55:30 10-9-2024;520.9509455034961;22.69124672130474;22.002443809877295
13:55:32 10-9-2024;520.9310942561401;22.715561179524475;22.00046684691564
13:55:34 10-9-2024;520.9288894328308;22.763497696022196;22.000150454570573
13:55:36 10-9-2024;520.9070437220962;22.741530076770758;22.002532914125304
13:55:38 10-9-2024;520.9590891395155;22.722923058279825;22.001055821717372
13:55:40 10-9-2024;520.8633286097905;22.715183402598253;22.000247083939815
13:55:42 10-9-2024;520.9372352703241;22.753530513850578;22.000078882130207
13:55:44 10-9-2024;520.9094795327768;22.821377783317608;22.000017209310535
13:55:46 10-9-2024;520.9350432470375;22.714098597812995;22.00000549497937
13:55:48 10-9-2024;520.8937657073208;22.710630512046446;22.00000119931535
13:55:50 10-9-2024;520.9209202767242;22.688788896823656;22.000000382967528
13:55:52 10-9-2024;520.9222670975;22.70440737593075;22.000000083585793
13:55:54 10-9-2024;520.9239629653352;22.755554584615446;22.002125026690717
13:55:56 10-9-2024;520.9128248782841;22.750022021535;22.000537369106713
13:55:58 10-9-2024;520.9327670768006;22.714318716518214;22.00016786129623
13:56:0 10-9-2024;520.9100686021484;22.684573476590455;22.010036474182026
13:56:2 10-9-2024;520.9247373203772;22.72101322569394;22.004417901798277
13:56:4 10-9-2024;520.8997532368165;22.710408366354056;22.001115145876216
13:56:6 10-9-2024;520.92893780586;22.709136117802714;22.002859569512804
13:56:8 10-9-2024;520.9237335265228;22.722871374531582;22.012744557498134
13:56:10 10-9-2024;520.9387270459179;22.742425452276432;22.002713474574758
13:56:12 10-9-2024;520.9488496065236;22.763218599957423;22.002650694045546
13:56:14 10-9-2024;520.9248175845504;22.717744598111317;22.010929003161976
13:56:16 10-9-2024;520.9305410040203;22.738262106066376;22.001250185308255
13:56:18 10-9-2024;520.9490519811632;22.7419419624866;22.00254307355882
13:56:20 10-9-2024;520.9280684170398;22.743580845011863;22.00062974402186
13:56:22 10-9-2024;520.9152747513758;22.760661665284946;22.002697350153515
13:56:24 10-9-2024;520.9350225948601;22.74695734990206;22.001108147071353
13:56:26 10-9-2024;520.9123630148263;22.74665188043366;22.000258497039116
13:56:28 10-9-2024;520.9524607735177;22.745187651689527;22.000056410285048
13:56:30 10-9-2024;520.926377322216;22.714241580730967;22.012143004811232
13:56:32 10-9-2024;520.924138276274;22.696891615826612;22.001586605188592
13:56:34 10-9-2024;520.9226330229606;22.684032620771827;22.002646951107344
13:56:36 10-9-2024;520.9456892260417;22.700631237970587;22.000927551825974
13:56:38 10-9-2024;520.9682204784767;22.716996205186902;22.00020454473567
13:56:40 10-9-2024;520.9273626769237;22.659276572542293;22.010065132208393
13:56:42 10-9-2024;520.9357795839537;22.69692725574907;22.002965770745718
13:56:44 10-9-2024;520.9343949039455;22.727213619531213;22.01089473745778
13:56:46 10-9-2024;520.9429718791249;22.725131815556956;22.00314466961667
13:56:48 10-9-2024;520.9177938070944;22.68567880946911;22.01095193637823
13:56:50 10-9-2024;520.925420976109;22.700716401757433;22.00375090721646
13:56:52 10-9-2024;520.9295510063993;22.69508194365814;22.003588873073987
13:56:54 10-9-2024;520.9231286581293;22.749154898860755;22.000874651482945
13:56:56 10-9-2024;520.9319216348007;22.765057651801786;22.002400536940577
13:56:58 10-9-2024;520.9321354146786;22.8033862769104;22.000597330415353
13:57:0 10-9-2024;520.9070349473086;22.77233746957781;22.000187012704757
13:57:2 10-9-2024;520.9557010262592;22.746566989532376;22.00004065436145
13:57:4 10-9-2024;520.9197111540798;22.7356590741526;22.00001298661417
13:57:6 10-9-2024;520.908393853528;22.715151166674197;22.00190908467129
13:57:8 10-9-2024;520.8829254234154;22.686917219988917;22.000538268447126
13:57:10 10-9-2024;520.8736284841455;22.768776643357025;22.00223916465241
13:57:12 10-9-2024;520.8981130323128;22.733930797898054;22.00329630248597
13:57:14 10-9-2024;520.9161582886634;22.71671687622468;22.000935603783425
13:57:16 10-9-2024;520.925225028588;22.711966472079084;22.000300756425506
13:57:18 10-9-2024;520.9198563216414;22.731998295257647;22.00256562615855
13:57:20 10-9-2024;520.9168531632952;22.777246049215158;22.00106626040844
13:57:22 10-9-2024;520.9259015923187;22.72928375335283;22.000249362058156
13:57:24 10-9-2024;520.9298890167013;22.76636407898442;22.000079609595495
13:57:26 10-9-2024;520.9058958198382;22.701380574665006;22.000017368086304
13:57:28 10-9-2024;520.9092727552264;22.714160150007615;22.000005545679826
13:57:30 10-9-2024;520.9322763602481;22.700090455785627;22.000001210381136
13:57:32 10-9-2024;520.9156294925393;22.682850146120657;22.000000386501068
13:57:34 10-9-2024;520.9084615455586;22.733268159860422;22.000000084357012
13:57:36 10-9-2024;520.9159082349519;22.736418913419918;22.000000026936984
13:57:38 10-9-2024;520.9374581223096;22.747294251971283;22.000000005879215
13:57:40 10-9-2024;520.944704031416;22.771264219046824;22.01000000187736
13:57:42 10-9-2024;520.9199515888963;22.716453688910505;22.003545312909747
13:57:44 10-9-2024;520.9202014449079;22.70319803762148;22.0081481495449
13:57:46 10-9-2024;520.9081254808183;22.699147475440036;22.002157432216208
13:57:48 10-9-2024;520.9336607982123;22.760534196643835;22.00068360506256
13:57:50 10-9-2024;520.8883601343309;22.68474639404511;22.002648859380432
13:57:52 10-9-2024;520.9033935895827;22.748966142528374;22.00321784758217
13:57:54 10-9-2024;520.9345578971894;22.726818827786595;22.00079252866007
13:57:56 10-9-2024;520.9215416016832;22.74815349289048;22.000249322146356
13:57:58 10-9-2024;520.9133990627998;22.73460244403416;22.000054246319152
13:58:0 10-9-2024;520.9430886667794;22.73661885378315;22.002517326500104
13:58:2 10-9-2024;520.9431194225588;22.757100970960245;22.00076354750339
13:58:4 10-9-2024;520.9551598527659;22.726143297339227;22.012745997913093
13:58:6 10-9-2024;520.930798571525;22.73651516412657;22.013765010136538
13:58:8 10-9-2024;520.933020362451;22.716118312663372;22.003058374098917
13:58:10 10-9-2024;520.9512799885596;22.689066880680617;22.00250836142384
13:58:12 10-9-2024;520.9390283592274;22.706304896809424;22.00073099382695
13:58:16 10-9-2024;382.115;12;11.98
13:58:18 10-9-2024;485.41764296875004;12;12
13:58:20 10-9-2024;505.6076408647461;12;11.98
13:58:22 10-9-2024;512.9528300686354;12;12
13:58:24 10-9-2024;514.3463327893279;12;11.96
13:58:26 10-9-2024;514.8592382990447;12;12
13:58:28 10-9-2024;514.967480337845;12;11.98
13:58:30 10-9-2024;514.9941008511636;12;12
13:58:32 10-9-2024;515.0003437940103;12;12
13:58:34 10-9-2024;515.0101517705373;12;12
13:58:36 10-9-2024;515.0019507819152;12;12
13:58:38 10-9-2024;515.0128623850584;12;12
13:58:40 10-9-2024;515.0030685836098;12;12
13:58:42 10-9-2024;515.0006232401934;12;12
13:58:44 10-9-2024;515.0102002946865;12;11.98
13:58:46 10-9-2024;515.0160890929632;12;12
13:58:48 10-9-2024;515.004363690735;12;12
13:58:50 10-9-2024;515.0034236181189;12;11.98
13:58:52 10-9-2024;515.0113414994327;12;12
13:58:54 10-9-2024;515.0038548044419;11.98;11.98
13:58:56 10-9-2024;515.0139969582058;12;12
13:58:58 10-9-2024;515.0113995765132;12;12
13:59:0 10-9-2024;515.008942763079;12;12
13:59:2 10-9-2024;515.0066842423104;12;12
13:59:4 10-9-2024;515.0048081194893;12;12
13:59:6 10-9-2024;515.0037766545845;12;12
13:59:8 10-9-2024;515.0114552175845;12;11.98
13:59:10 10-9-2024;515.0013795557244;12;11.96
13:59:12 10-9-2024;515.0104595422898;12;11.98
13:59:14 10-9-2024;515.0132717438756;12;11.98
13:59:16 10-9-2024;515.0055512327441;12;12
13:59:18 10-9-2024;515.0013656781543;12;12
13:59:20 10-9-2024;515.000439378457;12;12
13:59:22 10-9-2024;515.0195022027121;12;12
13:59:24 10-9-2024;515.0098601817012;12;12
13:59:26 10-9-2024;515.0022825865287;12;12
13:59:28 10-9-2024;515.0028477436031;12;12
13:59:30 10-9-2024;515.0026010862529;12;12
13:59:32 10-9-2024;515.0032555148974;12;12
13:59:34 10-9-2024;515.0209211835547;12;12
13:59:36 10-9-2024;515.0041089209287;12;12
13:59:38 10-9-2024;515.0028953655655;12;12
13:59:40 10-9-2024;515.0010083489956;12;12
13:59:42 10-9-2024;515.0002222583576;12;11.98
13:59:44 10-9-2024;515.0200707873979;12;12
13:59:46 10-9-2024;515.0021060674637;12;12
13:59:48 10-9-2024;515.0007106052029;12;12
13:59:50 10-9-2024;515.0026573757589;12;12
13:59:52 10-9-2024;515.0110955485554;12;12
13:59:54 10-9-2024;515.0138010656655;12;12
13:59:56 10-9-2024;515.0058860497938;12;12
13:59:58 10-9-2024;515.0076096060426;12;12
14:0:0 10-9-2024;515.0046494357165;12;12
14:0:2 10-9-2024;515.0032141486781;12;12
14:0:4 10-9-2024;515.0011035288223;12;12
14:0:6 10-9-2024;515.0048677148559;12;12
14:0:8 10-9-2024;515.0118824047855;12;12
14:0:10 10-9-2024;515.0135998323107;12;11.98
14:0:12 10-9-2024;515.0131558079339;12;12
14:0:14 10-9-2024;515.0160802855123;12;11.98
14:0:16 10-9-2024;515.0136686346982;12;12
14:0:18 10-9-2024;515.0036505281976;12;11.98
14:0:20 10-9-2024;515.0136698561614;12;12
14:0:22 10-9-2024;515.0166852867494;12;12
14:0:24 10-9-2024;515.0043904278252;12;12
14:0:26 10-9-2024;515.01053983612;12;12
14:0:28 10-9-2024;515.0066889120034;12;12
14:0:30 10-9-2024;515.0184760473136;12;12
14:0:32 10-9-2024;515.0075242036562;12;12
14:0:34 10-9-2024;515.005845043932;12;12
14:0:36 10-9-2024;515.0118794004;12;12
14:0:38 10-9-2024;515.0154855150835;12;12
14:0:40 10-9-2024;515.0083116932375;12;12
14:0:42 10-9-2024;515.0256946664061;12;12
14:0:44 10-9-2024;515.007749629911;12;12
14:0:46 10-9-2024;515.0260850272376;12;12
14:0:48 10-9-2024;515.0109322050205;12;12
14:0:50 10-9-2024;515.0027012127932;12;12
14:0:52 10-9-2024;515.002994577395;12;12
14:0:54 10-9-2024;515.0032272782589;12;12
14:0:56 10-9-2024;515.0255237972784;12;12
14:0:58 10-9-2024;515.0094848468826;12;12
14:1:0 10-9-2024;515.028058872262;12;12
14:1:2 10-9-2024;515.0208085187122;12;12
14:1:4 10-9-2024;515.0202818358784;12;12
14:1:6 10-9-2024;515.0300627418843;12;12
14:1:8 10-9-2024;515.0123012643782;12;12
14:1:10 10-9-2024;515.0114405438309;12;12
14:1:12 10-9-2024;515.0159705688154;12;12
14:1:14 10-9-2024;515.0145591600424;12;12
14:1:16 10-9-2024;515.0080835543675;12;12
14:1:18 10-9-2024;515.018898023677;12;12
14:1:20 10-9-2024;515.019794814927;12;12
14:1:22 10-9-2024;515.0253436878648;12;12
14:1:24 10-9-2024;515.0204663479301;12;12
14:1:26 10-9-2024;515.0255354461514;12;12
14:1:28 10-9-2024;515.0301598166536;12;11.98
14:1:30 10-9-2024;515.0509672898833;12;12
14:1:32 10-9-2024;515.0244085071126;12;12
14:1:34 10-9-2024;515.0231217958684;12;12
14:1:36 10-9-2024;515.0113665808561;12;12
14:1:38 10-9-2024;515.0274041127843;12;12
14:1:40 10-9-2024;515.028852951526;12;12
14:1:42 10-9-2024;515.035061172193;12;12
14:1:44 10-9-2024;515.0458473176909;12;12
14:1:46 10-9-2024;515.0303314241614;12;12
14:1:48 10-9-2024;515.0370409458383;12;12
14:1:50 10-9-2024;515.0212337313048;12;12
14:1:52 10-9-2024;515.0234107178267;12;12
14:1:54 10-9-2024;515.0308419855329;12;12
14:1:56 10-9-2024;515.0290939966821;12;12
14:1:58 10-9-2024;515.014055137507;12;12
14:2:0 10-9-2024;515.0480835294153;12;12
14:2:2 10-9-2024;515.0397877299611;12;12
14:2:4 10-9-2024;515.0338443423244;12;12
14:2:6 10-9-2024;515.0347088415934;12;12
14:2:8 10-9-2024;515.0276820632046;12;12
14:2:10 10-9-2024;515.0431342297891;12;12
14:2:12 10-9-2024;515.0548978433873;12;12
14:2:14 10-9-2024;515.0170245297243;12;12
14:2:16 10-9-2024;515.0378806158949;12;12
14:2:18 10-9-2024;515.0274200181846;12;12
14:2:20 10-9-2024;515.0289652676652;12;11.98
14:2:22 10-9-2024;515.0336735483505;12;12
14:2:24 10-9-2024;515.0531321298834;12;12
14:2:26 10-9-2024;515.042863770755;12;12
14:2:28 10-9-2024;515.0250651381544;12;12
14:2:30 10-9-2024;515.0263783049178;12;12
14:2:32 10-9-2024;515.0164699790475;12;12
14:2:34 10-9-2024;515.0254944457171;12;12
14:2:36 10-9-2024;515.0214906397944;12;12
14:2:38 10-9-2024;515.0345762851628;12;12
14:2:40 10-9-2024;515.0149045467803;12;12
14:2:42 10-9-2024;515.0196962672775;12;12
14:2:44 10-9-2024;517.372004188975;16.08;16.2
14:2:46 10-9-2024;517.7749974455842;16.02;16.02
14:2:48 10-9-2024;517.89057761447;16;16
14:2:50 10-9-2024;517.8620002978098;16;16.04
14:2:52 10-9-2024;517.845816280977;16;16
14:2:54 10-9-2024;517.871514869636;16;16
14:2:56 10-9-2024;517.8271504561021;16;16.02
14:2:58 10-9-2024;517.8466863457642;16;16
14:3:0 10-9-2024;517.8580141678834;16;16
14:3:2 10-9-2024;517.8375825191965;16;16
14:3:4 10-9-2024;517.8407555569246;16.02;16
14:3:6 10-9-2024;517.8436232576328;16.02;16
14:3:8 10-9-2024;517.8319785967199;16;16
14:3:10 10-9-2024;517.8105907965329;16;16
14:3:12 10-9-2024;517.837021088744;16;16
14:3:14 10-9-2024;517.8435487212736;16;16
14:3:16 10-9-2024;517.8155895469536;16;16
14:3:18 10-9-2024;517.7839960270824;16;16
14:3:20 10-9-2024;517.8262215211718;16;16
14:3:22 10-9-2024;517.7794079301315;16;16
14:3:24 10-9-2024;517.8231405901269;16;16
14:3:26 10-9-2024;517.7833343496313;16;16
14:3:28 10-9-2024;517.7966139126587;16;16
14:3:30 10-9-2024;517.755391841038;16;16
14:3:32 10-9-2024;517.826018090934;16;16
14:3:34 10-9-2024;517.7785773906445;16;16
14:3:36 10-9-2024;517.7972781704085;16;16
14:3:38 10-9-2024;517.7696234577693;16;16
14:3:40 10-9-2024;517.7738838103111;16;16
14:3:42 10-9-2024;517.81139442733;16;16
14:3:44 10-9-2024;517.7573159776459;16;16
14:3:46 10-9-2024;517.7737895398899;16;16
14:3:48 10-9-2024;517.7673247366575;16;16
14:3:50 10-9-2024;517.7749803469236;16;16
14:3:52 10-9-2024;517.7648607132131;16;16
14:3:54 10-9-2024;517.7382784106253;16;16
14:3:56 10-9-2024;517.7439545682695;16;16
14:3:58 10-9-2024;517.7842366794434;16;16
14:4:0 10-9-2024;517.7861940959044;16;16
14:4:2 10-9-2024;517.7604993458397;16;16
14:4:4 10-9-2024;517.7815663814828;16;16
14:4:6 10-9-2024;517.7539327676735;16;16
14:4:8 10-9-2024;517.732835386776;16;16
14:4:10 10-9-2024;517.7773429833035;16;16
14:4:12 10-9-2024;517.8071703464936;16;16
14:4:14 10-9-2024;517.7793994080993;16;16
14:4:16 10-9-2024;517.7819961245347;16.02;16
14:4:18 10-9-2024;517.7675067638289;16;16.02
14:4:20 10-9-2024;517.7883025285347;16;16
14:4:22 10-9-2024;517.7254971673046;16;16
14:4:24 10-9-2024;517.754379222752;16;16
14:4:26 10-9-2024;517.7222330029292;16;16
14:4:28 10-9-2024;517.7199702394333;16;16
14:4:30 10-9-2024;517.7728980536139;16;16
14:4:32 10-9-2024;517.7387017944791;16.02;16
14:4:34 10-9-2024;517.7520994784423;16;16
14:4:36 10-9-2024;517.7255787340529;16;16
14:4:38 10-9-2024;517.7357015883945;16;16
14:4:40 10-9-2024;517.7951397007483;16;16
14:4:42 10-9-2024;517.7620969747383;16.02;16
14:4:44 10-9-2024;517.7659935594711;16;16
14:4:46 10-9-2024;517.721147471724;16;16
14:4:48 10-9-2024;517.7893386907652;16;16
14:4:50 10-9-2024;517.7717511297485;16;16
14:4:52 10-9-2024;517.7774928467776;16;16
14:4:54 10-9-2024;517.7463236078485;16;16
14:4:56 10-9-2024;517.7939283345609;16;16
14:4:58 10-9-2024;517.7900850480112;16;16
14:5:0 10-9-2024;517.7864355436319;16;16
14:5:2 10-9-2024;517.7960751798703;16;16
14:5:4 10-9-2024;517.8176983299012;16;16
14:5:6 10-9-2024;517.8016524285581;16;16
14:5:8 10-9-2024;517.8054088923998;16;16
14:5:10 10-9-2024;517.8376145185078;16;16
14:5:12 10-9-2024;517.7812486545747;16;16
14:5:14 10-9-2024;517.8048309754008;16;16
14:5:16 10-9-2024;517.8207069416255;16;16
14:5:18 10-9-2024;517.7811328420122;16;16.02
14:5:20 10-9-2024;517.8147124869804;16;16
14:5:22 10-9-2024;517.8456862979648;16;16
14:5:24 10-9-2024;517.8120797200221;16;16
14:5:26 10-9-2024;517.8141577226747;16;16
14:5:28 10-9-2024;517.8112977175739;16;16
14:5:30 10-9-2024;517.8557268668652;16;16
14:5:32 10-9-2024;517.855961889532;16;16
14:5:34 10-9-2024;517.8336430372955;16;16
14:5:36 10-9-2024;517.8218879161661;16;16
14:5:38 10-9-2024;517.8260019477231;16;16
14:5:40 10-9-2024;517.8383171567032;16;16
14:5:42 10-9-2024;517.8616257010838;16;16
14:5:44 10-9-2024;517.8199310338264;16;16
14:5:46 10-9-2024;517.8272340784592;16;16
14:5:48 10-9-2024;517.8365579137231;16;16
14:5:50 10-9-2024;517.820694437211;16;16
14:5:52 10-9-2024;517.8390969651055;16;16
14:5:54 10-9-2024;517.8775491544013;16;16
14:5:56 10-9-2024;517.8025731621431;16;16
14:5:58 10-9-2024;517.858511426998;16;16
14:6:0 10-9-2024;517.8361908052063;16;16.02
14:6:2 10-9-2024;517.7998386262022;16;16
14:6:4 10-9-2024;517.8199481246473;16;16
14:6:6 10-9-2024;517.8218959439067;16;16
14:6:8 10-9-2024;517.8523267512526;16;16
14:6:10 10-9-2024;517.8625883570556;16;16
14:6:12 10-9-2024;517.8578402572402;16;16
14:6:14 10-9-2024;517.8523464278617;16;16
14:6:16 10-9-2024;517.849694976475;16;16
14:6:18 10-9-2024;517.8521387861012;16;16
14:6:20 10-9-2024;517.8468594598526;16;16
14:6:22 10-9-2024;517.8087197165456;16;16
14:6:24 10-9-2024;517.8549738829781;16;16
14:6:26 10-9-2024;517.8360789427788;16;16
14:6:28 10-9-2024;517.8502353401282;16;16.02
14:6:30 10-9-2024;517.8583939155643;16;16
14:6:32 10-9-2024;517.8607331607353;16;16
14:6:34 10-9-2024;517.8895455210627;16;16
14:6:36 10-9-2024;517.8695378342222;16;16
14:6:38 10-9-2024;517.8360707983992;16;16.02
14:6:40 10-9-2024;517.8390501959975;16.02;16
14:6:42 10-9-2024;517.8233355864738;16;16
14:6:44 10-9-2024;517.8194718148147;16;16
14:6:46 10-9-2024;517.8551339312721;16;16
14:6:48 10-9-2024;517.8453866279538;16;16
14:6:50 10-9-2024;517.8469782032446;16;16
14:6:52 10-9-2024;517.8386880986972;16;16
14:6:54 10-9-2024;517.8571007728018;16;16
14:6:56 10-9-2024;517.895859418166;16;16
14:6:58 10-9-2024;517.8505977479222;16;16
14:7:0 10-9-2024;517.8808221568506;16;16
14:7:2 10-9-2024;517.8220152737064;16;16
14:7:4 10-9-2024;517.8459185094597;16;16
14:7:6 10-9-2024;517.9005870971545;16;16
14:7:8 10-9-2024;517.8172416620953;16.02;16
14:7:10 10-9-2024;517.8113152244816;16;16
14:7:12 10-9-2024;517.8142460054033;16;16
14:7:14 10-9-2024;517.8685221960839;16;16
14:7:16 10-9-2024;517.8250652312496;16;16
14:7:18 10-9-2024;517.8092002720093;16;16
14:7:20 10-9-2024;517.8077126964661;16;16
14:7:22 10-9-2024;517.8053656136937;16;16
14:7:24 10-9-2024;517.7985203726464;16;16
14:7:26 10-9-2024;517.852066856572;16;16
14:7:28 10-9-2024;517.8062786305909;16;16
14:7:30 10-9-2024;517.7818824661326;16;16
14:7:32 10-9-2024;517.80282582415;16;16
14:7:34 10-9-2024;517.8368490381581;16;16
14:7:36 10-9-2024;517.8590659804779;16;16
14:7:38 10-9-2024;517.8330927501512;16;16.02
14:7:40 10-9-2024;517.8140905424277;16;16
14:7:42 10-9-2024;517.8298137150756;16;16
14:7:44 10-9-2024;517.7989806216276;16;16
14:7:46 10-9-2024;517.8426371406829;16;16
14:7:48 10-9-2024;517.8193476585928;16;16
14:7:50 10-9-2024;517.8010230877696;16;16
14:7:52 10-9-2024;517.8566013467306;16;16
14:7:54 10-9-2024;517.7972607730774;16;16.02
14:7:56 10-9-2024;517.8531623440734;16;16.02
14:7:58 10-9-2024;517.7941514372975;16;16
14:8:0 10-9-2024;517.823073735017;16;16
14:8:2 10-9-2024;517.862284155645;16;16
14:8:4 10-9-2024;517.8426533687615;16;16
14:8:6 10-9-2024;517.8937002263907;16;16
14:8:8 10-9-2024;517.8649440511847;16;16
14:8:10 10-9-2024;517.8136356659122;16.02;16
14:8:12 10-9-2024;517.857876261714;16;16
14:8:14 10-9-2024;517.8578124352562;16;16
14:8:16 10-9-2024;517.844739784781;16;16
14:8:18 10-9-2024;517.8172703606979;16;16
14:8:20 10-9-2024;517.8096261157815;16;16
14:8:22 10-9-2024;517.8005864225794;16.02;16
14:8:24 10-9-2024;517.8169009107885;16;16.04
14:8:26 10-9-2024;517.8515640456395;16;16
14:8:28 10-9-2024;517.8425930393972;16;16
14:8:30 10-9-2024;517.8786964208033;16;16
14:8:32 10-9-2024;517.8296478255687;16;16
14:8:34 10-9-2024;517.8315322763484;16;16
14:8:36 10-9-2024;517.7964199498681;16;16
14:8:38 10-9-2024;517.8585139591767;16;16
14:8:40 10-9-2024;517.8544929273489;16;16
14:8:42 10-9-2024;517.8478760997646;16;16
14:8:44 10-9-2024;517.8246581418217;16;16
14:8:46 10-9-2024;517.8122724672213;16;16
14:8:48 10-9-2024;517.8160918000872;16;16
14:8:50 10-9-2024;517.8257795015962;16;16
14:8:52 10-9-2024;517.8251289893932;16;16
14:8:54 10-9-2024;517.7968698442698;16;16
14:8:56 10-9-2024;517.798492473204;16;16
14:8:58 10-9-2024;517.757836513456;16.02;16
14:9:0 10-9-2024;517.8000925193902;16;16
14:9:2 10-9-2024;517.7950955770613;16;16
14:9:4 10-9-2024;517.7963213135935;16;16
14:9:6 10-9-2024;517.8340208201154;16;16
14:9:8 10-9-2024;517.8425986151371;16;16
14:9:10 10-9-2024;517.8274392902557;16;16
14:9:12 10-9-2024;517.862257336873;16;16
14:9:14 10-9-2024;517.8563436567007;16;16
14:9:16 10-9-2024;517.8555559640931;16;16
14:9:18 10-9-2024;517.8467896704476;16;16
14:9:20 10-9-2024;517.8282593517214;16;16
14:9:22 10-9-2024;517.8278222881977;16;16
14:9:24 10-9-2024;517.7968185795418;16;16
14:9:26 10-9-2024;517.8256975443633;16;16
14:9:28 10-9-2024;517.8058935307895;16;16
14:9:30 10-9-2024;517.851616493741;16;16
14:9:32 10-9-2024;517.7526917543864;16;16
14:9:34 10-9-2024;517.7787286031382;16;16
14:9:36 10-9-2024;517.8011438602912;16;16
14:9:38 10-9-2024;517.7916925166531;16;16
14:9:40 10-9-2024;517.772248677987;16;16
14:9:42 10-9-2024;517.8125468131589;16;16
14:9:44 10-9-2024;517.8170246699523;16;16
14:9:46 10-9-2024;517.8275188760848;16;16
14:9:48 10-9-2024;517.747275480169;16;16
14:9:50 10-9-2024;517.8168471431636;16;16
14:9:52 10-9-2024;517.8408471285684;16;16
14:9:54 10-9-2024;517.8241244977914;16;16
14:9:56 10-9-2024;517.8498013864056;16;16
14:9:58 10-9-2024;517.7931383951005;16;16
14:10:0 10-9-2024;517.8378501085506;16;16
14:10:2 10-9-2024;517.8319272695466;16;16
14:10:4 10-9-2024;517.8421585109689;16;16
14:10:6 10-9-2024;517.8641673698309;16;16
14:10:8 10-9-2024;517.8242653020635;16;16
14:10:10 10-9-2024;517.8276184643678;16;16
14:10:12 10-9-2024;517.8546663274403;16;16
14:10:14 10-9-2024;517.8431478954342;16;16
14:10:16 10-9-2024;517.8564776715323;16;16.02
14:10:18 10-9-2024;517.8350111419081;16;16
14:10:20 10-9-2024;517.8140995557563;16;16
14:10:22 10-9-2024;517.8217843812306;16;16
14:10:24 10-9-2024;517.7955788030316;16;16
14:10:26 10-9-2024;517.838181724397;16;16
14:10:28 10-9-2024;517.7916943117915;16;16
14:10:30 10-9-2024;517.7992675049569;16;16
14:10:32 10-9-2024;517.8231583793944;16;16
14:10:34 10-9-2024;517.7875161691177;16;16
14:10:36 10-9-2024;517.7577211500384;16;16
14:10:38 10-9-2024;517.8150282520876;16;16
14:10:40 10-9-2024;517.7567020960049;16;16
14:10:42 10-9-2024;517.7993340849105;16;16
14:10:44 10-9-2024;517.7805324473343;16;16
14:10:46 10-9-2024;517.8025776135839;16;16
14:10:48 10-9-2024;517.7837961679954;16;16
14:10:50 10-9-2024;517.8066881377196;16.02;16
14:10:52 10-9-2024;517.8312312067458;16;16
14:10:54 10-9-2024;517.8683586591284;16;16
14:10:56 10-9-2024;517.8606449280423;16;16
14:10:58 10-9-2024;517.8210499119532;16;16
14:11:0 10-9-2024;517.8157776310434;16;16
14:11:2 10-9-2024;517.8159664511247;16;16
14:11:4 10-9-2024;517.8206946772161;16;16
14:11:6 10-9-2024;517.8539896830212;16;16
14:11:8 10-9-2024;517.854828421317;16;16
14:11:10 10-9-2024;517.8397681824538;16;16
14:11:12 10-9-2024;517.8437918741532;16;16
14:11:14 10-9-2024;517.8255026680936;16;16
14:11:16 10-9-2024;517.8300981217469;16;16
14:11:18 10-9-2024;517.8513085009205;16;16
14:11:20 10-9-2024;517.784883472604;16;16
14:11:22 10-9-2024;517.8252271567212;16;16
14:11:24 10-9-2024;517.8662383366832;16;16
14:11:26 10-9-2024;517.8412369149019;16;16
14:11:28 10-9-2024;517.8102870085966;16;16.02
14:11:30 10-9-2024;517.851357252636;16;16.02
14:11:32 10-9-2024;517.8722059918067;16;16
14:11:34 10-9-2024;517.8511633302089;16;16
14:11:36 10-9-2024;517.8110163343549;16;16.02
14:11:38 10-9-2024;517.8258205419886;16;16
14:11:40 10-9-2024;517.7816468069299;16;16
14:11:42 10-9-2024;517.8268319302194;16;16
14:11:44 10-9-2024;517.8134942678655;16;16
14:11:46 10-9-2024;517.8321484565828;16;16
14:11:48 10-9-2024;517.7538085911567;16;16
14:11:50 10-9-2024;517.8091771121393;16;16
14:11:52 10-9-2024;517.7807357536439;16;16
14:11:54 10-9-2024;517.803394734477;16;16
14:11:56 10-9-2024;517.798854975398;16;16
14:11:58 10-9-2024;517.8034406483208;16;16.02
14:12:0 10-9-2024;517.8395190226277;16;16
14:12:2 10-9-2024;517.8361613832567;16;16
14:12:4 10-9-2024;517.776405494889;16;16
14:12:6 10-9-2024;517.7804142670375;16;16.02
14:12:8 10-9-2024;517.7716193007684;16;16
14:12:10 10-9-2024;517.8363399483634;16;16
14:12:12 10-9-2024;517.8014108922906;16;16
14:12:14 10-9-2024;517.8362962488106;16;16
14:12:16 10-9-2024;517.7937010249883;16;16
14:12:18 10-9-2024;517.8036078410773;16;16
14:12:20 10-9-2024;517.835642944558;16;16
14:12:22 10-9-2024;517.8044580250129;16;16
14:12:24 10-9-2024;517.8141741234491;16;16
14:12:26 10-9-2024;517.8864481807948;16;16.02
14:12:28 10-9-2024;517.8369547456206;16;16
14:12:30 10-9-2024;517.8239175366972;16;16
14:12:32 10-9-2024;517.8747585551292;16;16
14:12:34 10-9-2024;517.8906190951091;16;16
14:12:36 10-9-2024;517.8093401205816;16;16
14:12:38 10-9-2024;517.7877692470876;16;16
14:12:40 10-9-2024;517.8372663600884;16;16
14:12:42 10-9-2024;517.7919488290615;16;16
14:12:44 10-9-2024;517.7907980488758;16;16
14:12:46 10-9-2024;517.7854975753088;16;16
14:12:48 10-9-2024;517.809591984908;16;16.02
14:12:50 10-9-2024;517.8329698354262;16;16
14:12:52 10-9-2024;517.7967693872029;16;16
14:12:54 10-9-2024;517.8359258717502;16;16
14:12:56 10-9-2024;517.7894051939693;16;16
14:12:58 10-9-2024;517.8181260964893;16;16
14:13:0 10-9-2024;517.8249195801104;16;16
14:13:2 10-9-2024;517.8071460851284;16;16
14:13:4 10-9-2024;517.8039883586747;16;16
14:13:6 10-9-2024;517.8294450189661;16;16
14:13:8 10-9-2024;517.8098575521054;16;16
14:13:10 10-9-2024;517.8182146179973;16;16
14:13:12 10-9-2024;517.7918344358465;16;16
14:13:14 10-9-2024;517.7624533953632;16;16
14:13:16 10-9-2024;517.8151638197627;16.02;16
14:13:18 10-9-2024;517.8000066462552;16;16
14:13:20 10-9-2024;517.8222257363311;16;16
14:13:22 10-9-2024;517.8430989945994;16;16
14:13:24 10-9-2024;517.8172853384295;16;16
14:13:26 10-9-2024;517.7866608276495;16;16
14:13:28 10-9-2024;517.8145717898018;16;16
14:13:30 10-9-2024;517.7487761943979;16;16
14:13:32 10-9-2024;517.7317602132505;16;16
14:13:34 10-9-2024;517.7686872652332;16;16
14:13:36 10-9-2024;517.7465732650958;16;16
14:13:38 10-9-2024;517.7486054792922;16;16
14:13:40 10-9-2024;517.7949210973661;16;16
14:13:42 10-9-2024;517.7374488813842;16;16
14:13:44 10-9-2024;517.7544717487951;16;16
14:13:46 10-9-2024;517.8073827371036;16;16
14:13:48 10-9-2024;517.7370500980597;16;16
14:13:50 10-9-2024;517.7976330526101;16;16
14:13:52 10-9-2024;517.7525219436368;16;16
14:13:54 10-9-2024;517.7612169814738;16;16
14:13:56 10-9-2024;517.7640332546099;16;16
14:13:58 10-9-2024;517.7468191067243;16;16
14:14:0 10-9-2024;517.7479104735144;16;16
14:14:2 10-9-2024;517.7380329207222;16;16
14:14:4 10-9-2024;517.7083262667275;16;16
14:14:6 10-9-2024;517.7221864255403;16;16
14:14:8 10-9-2024;517.7253796445933;16.02;16
14:14:10 10-9-2024;517.7247832783665;16;16
14:14:12 10-9-2024;517.7626190244852;16;16
14:14:14 10-9-2024;517.7385602153585;16;16
14:14:16 10-9-2024;517.7586658369781;16;16
14:14:18 10-9-2024;517.7799703333112;16;16
14:14:20 10-9-2024;517.7513817579677;16;16
14:14:22 10-9-2024;517.6832871633251;16;16
14:14:24 10-9-2024;517.7578689781146;16;16
14:14:26 10-9-2024;517.8069839986133;16;16
14:14:28 10-9-2024;517.7882232594773;16;16
14:14:30 10-9-2024;517.6993737484429;16;16
14:14:32 10-9-2024;517.6165047136573;16;16
14:14:34 10-9-2024;517.6409781342863;16;16
14:14:36 10-9-2024;517.6262207577124;16;16
14:14:38 10-9-2024;517.6464994651435;16;16
14:14:40 10-9-2024;517.6520191711629;16;16
14:14:42 10-9-2024;517.6597305677631;16;16
14:14:44 10-9-2024;517.7106345763068;16;16
14:14:46 10-9-2024;517.7327606826444;16;16.02
14:14:48 10-9-2024;517.6837191055884;16;16
14:14:50 10-9-2024;517.705136462836;16;16
14:14:52 10-9-2024;517.6759702583174;16;16
14:14:54 10-9-2024;517.6851439016029;16;16
14:14:56 10-9-2024;517.6763491453205;16;16
14:14:58 10-9-2024;517.6665611399474;16;16
14:15:0 10-9-2024;517.6738568174605;16;16
14:15:2 10-9-2024;517.7105513958726;16;16
14:15:4 10-9-2024;517.6854167167751;16;16
14:15:6 10-9-2024;517.6326106734889;16;16
14:15:8 10-9-2024;517.7109207575947;16;16
14:15:10 10-9-2024;517.6441769332924;16;16
14:15:12 10-9-2024;517.6463396216901;16;16
14:15:14 10-9-2024;517.6935195280641;16;16
14:15:16 10-9-2024;517.6228979194522;16;16
14:15:18 10-9-2024;517.6188173499161;16;16
14:15:20 10-9-2024;517.6483581890204;16;16
14:15:22 10-9-2024;517.6156081817834;16;16
14:15:24 10-9-2024;517.669054508023;16;16
14:15:26 10-9-2024;517.6573263555017;16;16
14:15:28 10-9-2024;517.6067532157;16;16
14:15:30 10-9-2024;517.6304646979381;16;16
14:15:32 10-9-2024;517.5394484742376;16;16
14:15:34 10-9-2024;517.5508393770303;16;16
14:15:36 10-9-2024;517.5774170997377;16;16
14:15:38 10-9-2024;517.6313470679405;16;16
14:15:40 10-9-2024;517.5842362708788;16;16
14:15:42 10-9-2024;517.5999994865588;16;16
14:15:44 10-9-2024;517.6062888745865;16;16
14:15:46 10-9-2024;517.5834353042549;16;16
14:15:48 10-9-2024;517.5859745989891;16;16
14:15:50 10-9-2024;517.6100705986992;16;16
14:15:52 10-9-2024;517.6312895130236;16;16
14:15:54 10-9-2024;517.5821518337185;16;16
14:15:56 10-9-2024;517.571080250441;16;16
14:15:58 10-9-2024;517.6125828327939;16;16
14:16:0 10-9-2024;517.6012209712771;16;16
14:16:2 10-9-2024;517.6496991565518;16;16
14:16:4 10-9-2024;517.5787530931597;16;16
14:16:6 10-9-2024;517.6318607841782;16;16
14:16:8 10-9-2024;517.6554765717764;16;16
14:16:10 10-9-2024;517.6106438482739;16;16
14:16:12 10-9-2024;517.5921548510299;16;16
14:16:14 10-9-2024;517.5899147263654;16;16
14:16:16 10-9-2024;517.6150259512661;16;16
14:16:18 10-9-2024;517.5992784834518;16;16
14:16:20 10-9-2024;517.5692387853408;16;16
14:16:22 10-9-2024;517.5712357233324;16;16
14:16:24 10-9-2024;517.5936163107637;16;16
14:16:26 10-9-2024;517.6027800562485;16;16
14:16:28 10-9-2024;517.5825414846223;16;16
14:16:30 10-9-2024;517.6170764354015;16;16
14:16:44 10-9-2024;164;16.08;16.1
14:16:46 10-9-2024;456.5885;16.1;16.04
14:16:48 10-9-2024;498.0385015625001;16.14;16.18
14:16:50 10-9-2024;513.6253691193848;16.14;16.32
14:16:52 10-9-2024;516.5991045690902;16.14;16.24
14:16:54 10-9-2024;517.6941128678736;16.32;16.3
14:16:56 10-9-2024;517.902331132467;16.24;16.48
14:16:58 10-9-2024;517.9786832950856;16.42;16.42
14:17:0 10-9-2024;517.9931931140707;16.4;16.48
14:17:2 10-9-2024;517.9985143415611;16.52;16.5
14:17:4 10-9-2024;517.9995255977547;16.58;16.56
14:17:6 10-9-2024;517.9998964578699;16.62;16.76
14:17:8 10-9-2024;517.9999669368015;16.78;16.76
14:17:10 10-9-2024;517.9999927836893;16.74;16.88
14:17:12 10-9-2024;517.9999976956789;16.74;16.78
14:17:14 10-9-2024;517.9999994970633;16.86;16.92
14:17:16 10-9-2024;517.9999998394017;16.9;16.88
14:17:18 10-9-2024;517.9999999649482;16.94;16.96
14:17:20 10-9-2024;517.9999999888073;16.98;16.98
14:17:22 10-9-2024;517.9999999975571;17;17
14:17:24 10-9-2024;517.9999999992199;17;17
14:17:28 10-9-2024;384.59749999999997;18.58;18.62
14:17:30 10-9-2024;489.08158398437496;19;19
14:17:32 10-9-2024;509.4908173776855;19.02;19.02
14:17:34 10-9-2024;516.9588640083424;19.877000000000002;19.785
14:17:36 10-9-2024;518.9926696945015;20.443615625;19.960940625
14:17:38 10-9-2024;519.7798926148254;20.928814100097657;20.725076088378906
14:17:40 10-9-2024;519.929717412273;21.638130771389466;21.166768480903627
14:17:42 10-9-2024;520.6309416918463;22.506308602044736;22.126819055783763
14:17:44 10-9-2024;520.8806371650048;22.83665435362147;22.73183090849503
14:17:46 10-9-2024;521.0364047557014;23.691003128310193;23.643442715899777
14:17:48 10-9-2024;521.6537781762436;24.354863612829234;23.886458482511586
14:17:50 10-9-2024;521.9225668405188;24.855279308643922;24.69827576076409
14:17:52 10-9-2024;521.9753141158227;25.515574838031345;24.95364426926663
14:17:54 10-9-2024;522.3706142952519;25.927302272247967;25.774536827571183
14:17:56 10-9-2024;522.8090302008308;26.65332510828243;26.30602228771525
14:17:58 10-9-2024;522.9587587551605;27.11445589072774;26.865922541888054
14:18:0 10-9-2024;523.0968180150547;27.728641773178015;27.587780779699806
14:18:2 10-9-2024;523.7809332286749;28.678893633097477;28.535569920471907
14:18:4 10-9-2024;523.9807110942272;29.596533372839065;29.38178137424503
14:18:6 10-9-2024;524.7446362611826;30.573674114871157;30.312718492179627
14:18:8 10-9-2024;524.9191901717361;31.0159977261159;30.993054753471565
14:18:10 10-9-2024;525.32424046738;31.70670875272187;31.693662446336823
14:18:12 10-9-2024;525.2384472375948;31.93703284984852;31.933867025781367
14:18:14 10-9-2024;525.1237308417697;31.96987308423895;31.978866016546974
14:18:16 10-9-2024;525.029137375407;31.93802943194591;31.975386460009595
14:18:18 10-9-2024;525.0165574481141;31.840763414883945;31.90921494350657
14:18:20 10-9-2024;525.0040031318304;31.60231479524996;31.761739080702277
14:18:22 10-9-2024;525.0008105232733;31.31242004607082;31.40508706255702
14:18:24 10-9-2024;525.0002601069004;31.110618299024026;31.145750306588972
14:18:26 10-9-2024;525.0000831389435;31.035984353145967;31.047562903914546
14:18:28 10-9-2024;525.0000181499933;31.007887478521095;30.96793385494751
14:18:30 10-9-2024;525.0000057956088;31.00251802842942;30.796660545485256
14:18:32 10-9-2024;525.0000012649344;30.968049544687982;30.257611107998134
14:18:34 10-9-2024;524.9900004039204;30.805286419114925;30.0875689913849
14:18:38 10-9-2024;164;12;11.9
14:18:40 10-9-2024;454.1234375;12;11.92
14:18:42 10-9-2024;495.23540917968745;11.98;11.86
14:18:44 10-9-2024;510.6682344377135;11.96;11.84
14:18:46 10-9-2024;513.6170008009886;11.96;11.74
14:18:48 10-9-2024;514.6981645576673;11.94;11.7
14:18:50 10-9-2024;514.9036175319611;11.8;11.74
14:18:52 10-9-2024;514.9789637395695;11.86;11.68
14:18:54 10-9-2024;514.9932826754855;11.92;11.56
14:18:56 10-9-2024;514.9985338895358;11.9;11.68
14:18:58 10-9-2024;514.9995318398281;11.92;11.64
14:19:0 10-9-2024;514.9998978202525;11.96;11.54
14:19:2 10-9-2024;514.999967371839;11.9;11.62
14:19:4 10-9-2024;514.9999928786397;11.84;11.64
14:19:6 10-9-2024;514.9999977259986;11.74;11.7
14:19:8 10-9-2024;514.9999995036808;11.88;11.6
14:19:10 10-9-2024;514.9999998415148;11.88;11.5
14:19:12 10-9-2024;514.9999999654093;11.88;11.52
14:19:14 10-9-2024;514.9999999889544;11.8;11.46
14:19:16 10-9-2024;514.9999999975893;11.8;11.68
14:19:18 10-9-2024;514.9999999992302;11.8;11.64
14:19:20 10-9-2024;514.999999999832;11.84;11.56
14:19:22 10-9-2024;514.9999999999463;11.88;11.58
14:19:24 10-9-2024;514.9999999999883;11.86;11.64
14:19:26 10-9-2024;514.9999999999962;11.88;11.56
14:19:28 10-9-2024;514.9999999999992;11.8;11.6
14:19:30 10-9-2024;514.9999999999997;11.72;11.6
14:19:32 10-9-2024;515;11.76;11.64
14:19:34 10-9-2024;515;11.74;11.52
14:19:36 10-9-2024;515;11.84;11.6
14:19:38 10-9-2024;515;11.74;11.6
14:19:40 10-9-2024;515;11.8;11.62
14:19:42 10-9-2024;515;11.88;11.56
14:19:44 10-9-2024;515;11.84;11.58
14:19:46 10-9-2024;515;11.78;11.56
14:19:48 10-9-2024;515;11.72;11.52
14:19:50 10-9-2024;515;11.84;11.5
14:19:52 10-9-2024;515;11.86;11.5
14:19:54 10-9-2024;515;11.78;11.52
14:19:56 10-9-2024;515;11.84;11.62
14:19:58 10-9-2024;515;11.76;11.5
14:20:0 10-9-2024;515;11.78;11.5
14:20:2 10-9-2024;515;11.76;11.56
14:20:4 10-9-2024;515;11.82;11.54
14:20:6 10-9-2024;515;11.76;11.5
14:20:8 10-9-2024;515;11.72;11.58
14:20:10 10-9-2024;515;11.72;11.54
14:20:12 10-9-2024;515;11.82;11.56
14:20:14 10-9-2024;515;11.68;11.44
14:20:16 10-9-2024;515;11.7;11.5
14:20:18 10-9-2024;515;11.76;11.5
14:20:20 10-9-2024;515;11.68;11.48
14:20:22 10-9-2024;515;11.78;11.52
14:20:24 10-9-2024;515;11.74;11.48
14:20:26 10-9-2024;515;11.72;11.58
14:20:28 10-9-2024;515;11.76;11.56
14:20:30 10-9-2024;515;11.68;11.46
14:20:32 10-9-2024;515;11.7;11.52
14:20:34 10-9-2024;515;11.76;11.54
14:20:36 10-9-2024;515;11.74;11.48
14:20:38 10-9-2024;515;11.72;11.58
14:20:40 10-9-2024;515;11.68;11.54
14:20:42 10-9-2024;515;11.82;11.44
14:20:44 10-9-2024;515;11.82;11.48
14:20:46 10-9-2024;515;11.64;11.44
14:20:48 10-9-2024;515;11.8;11.54
14:20:50 10-9-2024;515;11.8;11.54
14:20:52 10-9-2024;515;11.76;11.5
14:20:54 10-9-2024;515;11.76;11.56
14:20:56 10-9-2024;515;11.7;11.52
14:20:58 10-9-2024;515;11.74;11.44
14:21:0 10-9-2024;515;11.74;11.52
14:21:2 10-9-2024;515;11.78;11.42
14:21:4 10-9-2024;515;11.7;11.5
14:21:6 10-9-2024;515;11.82;11.48
14:21:8 10-9-2024;515;11.74;11.56
14:21:10 10-9-2024;515;11.76;11.5
14:21:12 10-9-2024;515;11.72;11.48
14:21:14 10-9-2024;515;11.82;11.46
14:21:16 10-9-2024;515;11.82;11.52
14:21:18 10-9-2024;515;11.78;11.52
14:21:20 10-9-2024;515;11.7;11.5
14:21:22 10-9-2024;515;11.68;11.4
14:21:24 10-9-2024;515;11.66;11.5
14:21:26 10-9-2024;515;11.54;11.56
14:21:28 10-9-2024;515;11.74;11.48
14:21:30 10-9-2024;515;11.74;11.5
14:21:32 10-9-2024;515;11.72;11.46
14:21:34 10-9-2024;515;11.74;11.58
14:21:36 10-9-2024;515;11.7;11.5
14:21:38 10-9-2024;515;11.72;11.54
14:21:40 10-9-2024;515;11.74;11.44
14:21:42 10-9-2024;515;11.7;11.5
14:21:44 10-9-2024;515;11.8;11.46
14:21:46 10-9-2024;515;11.7;11.48
14:21:48 10-9-2024;515;11.74;11.44
14:21:50 10-9-2024;515;11.7;11.44
14:21:52 10-9-2024;515;11.74;11.46
14:21:54 10-9-2024;515;11.72;11.5
14:21:56 10-9-2024;515;11.7;11.38
14:21:58 10-9-2024;515;11.78;11.48
14:22:0 10-9-2024;515;11.84;11.46
14:22:2 10-9-2024;515;11.7;11.5
14:22:4 10-9-2024;515;11.76;11.56
14:22:6 10-9-2024;515;11.64;11.44
14:22:8 10-9-2024;515;11.66;11.48
14:22:10 10-9-2024;515;11.76;11.48
14:22:12 10-9-2024;515;11.64;11.44
14:22:14 10-9-2024;515;11.64;11.46
14:22:16 10-9-2024;515;11.74;11.42
14:22:18 10-9-2024;515;11.72;11.42
14:22:20 10-9-2024;515;11.66;11.46
14:22:22 10-9-2024;515;11.68;11.48
14:22:24 10-9-2024;515;11.74;11.46
14:22:26 10-9-2024;515;11.64;11.54
14:22:28 10-9-2024;515;11.66;11.46
14:22:30 10-9-2024;515;11.8;11.36
14:22:32 10-9-2024;515;11.72;11.44
14:22:34 10-9-2024;515;11.82;11.5
14:22:36 10-9-2024;515;11.64;11.42
14:22:38 10-9-2024;515;11.6;11.54
14:22:40 10-9-2024;515;11.62;11.56
14:22:42 10-9-2024;515;11.58;11.32
14:22:44 10-9-2024;515;11.74;11.42
14:22:46 10-9-2024;515;11.7;11.54
14:22:48 10-9-2024;515;11.58;11.5
14:22:50 10-9-2024;515;11.64;11.46
14:22:52 10-9-2024;515;11.7;11.5
14:22:54 10-9-2024;515;11.6;11.4
14:22:56 10-9-2024;515;11.66;11.42
14:22:58 10-9-2024;515;11.6;11.48
14:23:0 10-9-2024;515;11.7;11.48
14:23:2 10-9-2024;515;11.68;11.4
14:23:4 10-9-2024;515;11.64;11.52
14:23:6 10-9-2024;515;11.64;11.5
14:23:8 10-9-2024;515;11.72;11.42
14:23:10 10-9-2024;515;11.72;11.44
14:23:12 10-9-2024;515;11.56;11.52
14:23:14 10-9-2024;515;11.72;11.5
14:23:16 10-9-2024;515;11.7;11.48
14:23:18 10-9-2024;515;11.7;11.42
14:23:20 10-9-2024;515;11.68;11.56
14:23:22 10-9-2024;515;11.62;11.42
14:23:24 10-9-2024;515;11.7;11.44
14:23:26 10-9-2024;515;11.7;11.48
14:23:28 10-9-2024;515;11.64;11.4
14:23:30 10-9-2024;515;11.66;11.4
14:23:32 10-9-2024;515;11.74;11.38
14:23:34 10-9-2024;515;11.72;11.4
14:23:36 10-9-2024;515;11.66;11.46
14:23:38 10-9-2024;515;11.84;11.42
14:23:40 10-9-2024;515;11.66;11.44
14:23:42 10-9-2024;515;11.7;11.32
14:23:44 10-9-2024;515;11.62;11.36
14:23:46 10-9-2024;515;11.7;11.38
14:23:48 10-9-2024;515;11.62;11.44
14:23:50 10-9-2024;515;11.48;11.34
14:23:52 10-9-2024;515;11.6;11.46
14:23:54 10-9-2024;515;11.56;11.38
14:23:56 10-9-2024;515;11.68;11.38
14:23:58 10-9-2024;515;11.64;11.42
14:24:0 10-9-2024;515;11.6;11.36
14:24:2 10-9-2024;515;11.66;11.36
14:24:4 10-9-2024;515;11.64;11.34
14:24:6 10-9-2024;515;11.6;11.4
14:24:8 10-9-2024;515;11.6;11.24
14:24:10 10-9-2024;515;11.68;11.3
14:24:12 10-9-2024;515;11.58;11.42
14:24:14 10-9-2024;515.0025;11.58;11.42
14:24:16 10-9-2024;515.000759765625;11.58;11.36
14:24:18 10-9-2024;515.0002447902832;11.62;11.38
14:24:20 10-9-2024;515.0000534184368;11.62;11.42
14:24:22 10-9-2024;515.0000170494554;11.6;11.4
14:24:24 10-9-2024;515.0000037208935;11.62;11.38
14:24:26 10-9-2024;515.0000011881743;11.5;11.38
14:24:28 10-9-2024;515.0000002593293;11.68;11.38
14:24:30 10-9-2024;515.0000000828094;11.68;11.26
14:24:32 10-9-2024;515.0000000180738;11.66;11.46
14:24:34 10-9-2024;515.0000000057713;11.62;11.38
14:24:36 10-9-2024;515.0000000012597;11.72;11.28
14:24:38 10-9-2024;515.0000000004022;11.56;11.36
14:24:40 10-9-2024;515.0000000000878;11.62;11.36
14:24:42 10-9-2024;515.000000000028;11.62;11.4
14:24:44 10-9-2024;515.0000000000061;11.56;11.38
14:24:46 10-9-2024;515.0000000000019;11.66;11.44
14:24:48 10-9-2024;515.0000000000005;11.58;11.32
14:24:50 10-9-2024;515.0000000000001;11.6;11.34
14:24:52 10-9-2024;515;11.64;11.38
14:24:54 10-9-2024;515;11.66;11.26
14:24:56 10-9-2024;515;11.62;11.46
14:24:58 10-9-2024;515;11.64;11.4
14:25:0 10-9-2024;515;11.56;11.28
14:25:2 10-9-2024;515;11.58;11.4
14:25:4 10-9-2024;515;11.58;11.44
14:25:6 10-9-2024;515;11.66;11.32
14:25:8 10-9-2024;515;11.64;11.28
14:25:10 10-9-2024;515;11.62;11.42
14:25:12 10-9-2024;515;11.7;11.44
14:25:14 10-9-2024;515;11.66;11.38
14:25:16 10-9-2024;515;11.54;11.36
14:25:18 10-9-2024;515;11.64;11.38
14:25:20 10-9-2024;515;11.72;11.38
14:25:22 10-9-2024;515;11.62;11.3
14:25:24 10-9-2024;515.00190625;11.58;11.36
14:25:26 10-9-2024;515.0005373632812;11.56;11.32
14:25:28 10-9-2024;515.000113967093;11.64;11.38
14:25:30 10-9-2024;515.000036473776;11.72;11.46
14:25:32 10-9-2024;515.0000079649536;11.58;11.38
14:25:34 10-9-2024;515.0000025433088;11.7;11.34
14:25:36 10-9-2024;515.0000005550936;11.6;11.44
14:25:38 10-9-2024;515.0000001772532;11.6;11.36
14:25:40 10-9-2024;515.000000038687;11.68;11.34
14:25:42 10-9-2024;515.0000000123536;11.68;11.36
14:25:44 10-9-2024;515.0000000026962;11.62;11.32
14:25:46 10-9-2024;515.000000000861;11.6;11.38
14:25:48 10-9-2024;515.0000000001879;11.62;11.34
14:25:50 10-9-2024;515.00000000006;11.62;11.36
14:25:52 10-9-2024;515.0000000000131;11.66;11.4
14:25:54 10-9-2024;515.0000000000042;11.6;11.34
14:25:56 10-9-2024;515.0000000000009;11.6;11.36
14:25:58 10-9-2024;515.0000000000003;11.64;11.34
14:26:0 10-9-2024;515;11.64;11.38
14:26:2 10-9-2024;515;11.66;11.38
14:26:4 10-9-2024;515;11.7;11.44
14:26:6 10-9-2024;515;11.58;11.3
14:26:8 10-9-2024;515;11.58;11.42
14:26:10 10-9-2024;515;11.6;11.3
14:26:12 10-9-2024;515;11.7;11.36
14:26:14 10-9-2024;515;11.62;11.46
14:26:16 10-9-2024;515;11.62;11.36
14:26:18 10-9-2024;515;11.68;11.36
14:26:20 10-9-2024;515;11.58;11.38
14:26:22 10-9-2024;515;11.7;11.46
14:26:24 10-9-2024;515;11.62;11.42
14:26:26 10-9-2024;515;11.66;11.42
14:26:28 10-9-2024;515;11.66;11.32
14:26:30 10-9-2024;515;11.58;11.26
14:26:32 10-9-2024;515;11.64;11.38
14:26:34 10-9-2024;515;11.6;11.28
14:26:36 10-9-2024;515;11.68;11.32
14:26:38 10-9-2024;515;11.68;11.38
14:26:40 10-9-2024;515;11.64;11.34
14:26:42 10-9-2024;515;11.7;11.36
14:26:44 10-9-2024;515;11.62;11.38
14:26:46 10-9-2024;515;11.64;11.44
14:26:48 10-9-2024;515;11.68;11.44
14:26:50 10-9-2024;515.002125;11.52;11.44
14:26:52 10-9-2024;515.0005373632812;11.58;11.32
14:26:54 10-9-2024;515.000167859436;11.66;11.34
14:26:56 10-9-2024;515.000036473776;11.6;11.46
14:26:58 10-9-2024;515.0000116516686;11.64;11.46
14:27:0 10-9-2024;515.0000025433088;11.62;11.38
14:27:2 10-9-2024;515.0000008121277;11.62;11.46
14:27:4 10-9-2024;515.0000001772532;11.66;11.42
14:27:6 10-9-2024;515.0000000566008;11.62;11.4
14:27:8 10-9-2024;515.0000000123536;11.54;11.34
14:27:10 10-9-2024;515.0000000039447;11.62;11.44
14:27:12 10-9-2024;515.000000000861;11.6;11.4
14:27:14 10-9-2024;515.0000000002749;11.64;11.32
14:27:16 10-9-2024;515.00000000006;11.64;11.36
14:27:18 10-9-2024;515.0000000000191;11.58;11.26
14:27:20 10-9-2024;515.0000000000061;11.64;11.36
14:27:22 10-9-2024;515.0000000000014;11.66;11.34
14:27:24 10-9-2024;515.0000000000003;11.62;11.4
14:27:26 10-9-2024;515;11.58;11.34
14:27:28 10-9-2024;515;11.54;11.32
14:27:30 10-9-2024;515;11.72;11.38
14:27:32 10-9-2024;515;11.58;11.34
14:27:34 10-9-2024;515;11.66;11.36
14:27:36 10-9-2024;515;11.62;11.44
14:27:38 10-9-2024;515;11.64;11.4
14:27:40 10-9-2024;515;11.56;11.42
14:27:42 10-9-2024;515;11.56;11.38
14:27:44 10-9-2024;515;11.56;11.46
14:27:46 10-9-2024;515;11.64;11.4
14:27:48 10-9-2024;515;11.64;11.36
14:27:50 10-9-2024;515;11.68;11.36
14:27:52 10-9-2024;515;11.62;11.28
14:27:54 10-9-2024;515;11.58;11.5
14:27:56 10-9-2024;515;11.66;11.32
14:27:58 10-9-2024;515;11.64;11.3
14:28:0 10-9-2024;515;11.62;11.38
14:28:2 10-9-2024;515;11.68;11.46
14:28:4 10-9-2024;515;11.62;11.38
14:28:6 10-9-2024;515;11.74;11.44
14:28:8 10-9-2024;515;11.62;11.48
14:28:10 10-9-2024;515;11.7;11.36
14:28:12 10-9-2024;515;11.66;11.48
14:28:14 10-9-2024;515;11.64;11.4
14:28:16 10-9-2024;515;11.56;11.38
14:28:18 10-9-2024;515;11.62;11.42
14:28:20 10-9-2024;515;11.56;11.38
14:28:22 10-9-2024;515;11.72;11.42
14:28:24 10-9-2024;515;11.6;11.42
14:28:26 10-9-2024;515;11.62;11.38
14:28:28 10-9-2024;515;11.58;11.34
14:28:30 10-9-2024;515;11.68;11.4
14:28:32 10-9-2024;515;11.68;11.32
14:28:34 10-9-2024;515;11.6;11.38
14:28:36 10-9-2024;515;11.54;11.34
14:28:38 10-9-2024;515;11.56;11.42
14:28:40 10-9-2024;515;11.64;11.44
14:28:42 10-9-2024;515;11.66;11.4
14:28:44 10-9-2024;515;11.64;11.28
14:28:46 10-9-2024;515;11.58;11.46
14:28:48 10-9-2024;515;11.5;11.36
14:28:50 10-9-2024;515;11.56;11.44
14:28:52 10-9-2024;515;11.54;11.44
14:28:54 10-9-2024;515;11.56;11.38
14:28:56 10-9-2024;515;11.56;11.42
14:28:58 10-9-2024;515;11.62;11.44
14:29:0 10-9-2024;515;11.74;11.32
14:29:2 10-9-2024;515;11.62;11.46
14:29:4 10-9-2024;515;11.66;11.38
14:29:6 10-9-2024;515;11.58;11.34
14:29:8 10-9-2024;515;11.66;11.38
14:29:10 10-9-2024;515;11.6;11.48
14:29:12 10-9-2024;515;11.58;11.38
14:29:14 10-9-2024;515;11.64;11.36
14:29:16 10-9-2024;515;11.62;11.42
14:29:18 10-9-2024;515;11.56;11.4
14:29:20 10-9-2024;515;11.66;11.34
14:29:22 10-9-2024;515;11.6;11.36
14:29:24 10-9-2024;515;11.5;11.4
14:29:26 10-9-2024;515;11.56;11.42
14:29:28 10-9-2024;515;11.54;11.34
14:29:30 10-9-2024;515;11.6;11.44
14:29:32 10-9-2024;515;11.66;11.4
14:29:34 10-9-2024;515;11.66;11.38
14:29:36 10-9-2024;515;11.64;11.38
14:29:38 10-9-2024;515;11.64;11.4
14:29:40 10-9-2024;515;11.64;11.38
14:29:42 10-9-2024;515;11.72;11.36
14:29:44 10-9-2024;515;11.64;11.4
14:29:46 10-9-2024;515;11.58;11.44
14:29:48 10-9-2024;515;11.68;11.38
14:29:50 10-9-2024;515;11.68;11.4
14:29:52 10-9-2024;515;11.62;11.3
14:29:54 10-9-2024;515;11.54;11.44
14:29:56 10-9-2024;515;11.66;11.4
14:29:58 10-9-2024;515;11.56;11.34
14:30:0 10-9-2024;515;11.56;11.42
14:30:2 10-9-2024;515;11.6;11.44
14:30:4 10-9-2024;515;11.62;11.42
14:30:6 10-9-2024;515;11.56;11.42
14:30:8 10-9-2024;515;11.6;11.4
14:30:10 10-9-2024;515;11.6;11.48
14:30:12 10-9-2024;515;11.54;11.34
14:30:14 10-9-2024;515;11.68;11.3
14:30:16 10-9-2024;515;11.6;11.42
14:30:18 10-9-2024;515;11.54;11.32
14:30:20 10-9-2024;515;11.6;11.42
14:30:22 10-9-2024;515;11.72;11.48
14:30:24 10-9-2024;515;11.54;11.34
14:30:26 10-9-2024;515;11.48;11.36
14:30:28 10-9-2024;515;11.44;11.28
14:30:30 10-9-2024;515;11.68;11.3
14:30:32 10-9-2024;515;11.6;11.44
14:30:34 10-9-2024;515;11.56;11.4
14:30:36 10-9-2024;515;11.58;11.42
14:30:38 10-9-2024;515;11.64;11.36
14:30:40 10-9-2024;515;11.68;11.32
14:30:42 10-9-2024;515;11.6;11.4
14:30:44 10-9-2024;515;11.6;11.5
14:30:46 10-9-2024;515;11.66;11.44
14:30:48 10-9-2024;515;11.56;11.38
14:30:50 10-9-2024;515;11.6;11.42
14:30:52 10-9-2024;515;11.58;11.34
14:30:54 10-9-2024;515;11.62;11.44
14:30:56 10-9-2024;515;11.62;11.36
14:30:58 10-9-2024;515;11.6;11.4
14:31:0 10-9-2024;515;11.56;11.32
14:31:2 10-9-2024;515;11.64;11.4
14:31:4 10-9-2024;515;11.64;11.38
14:31:6 10-9-2024;515;11.62;11.46
14:31:8 10-9-2024;515;11.54;11.42
14:31:10 10-9-2024;515;11.56;11.42
14:31:12 10-9-2024;515;11.6;11.34
14:31:14 10-9-2024;515;11.62;11.3
14:31:16 10-9-2024;515;11.58;11.36
14:31:18 10-9-2024;515;11.7;11.36
14:31:20 10-9-2024;515;11.62;11.36
14:31:22 10-9-2024;515;11.72;11.26
14:31:24 10-9-2024;515;11.64;11.44
14:31:26 10-9-2024;515;11.68;11.34
14:31:28 10-9-2024;515;11.6;11.34
14:31:30 10-9-2024;515;11.68;11.42
14:31:32 10-9-2024;515;11.66;11.36
14:31:34 10-9-2024;515;11.66;11.42
14:31:36 10-9-2024;515;11.64;11.34
14:31:38 10-9-2024;515;11.6;11.32
14:31:40 10-9-2024;515;11.66;11.4
14:31:42 10-9-2024;515;11.58;11.3
14:31:44 10-9-2024;515;11.64;11.3
14:31:46 10-9-2024;515;11.6;11.42
14:31:48 10-9-2024;515;11.6;11.4
14:31:50 10-9-2024;515;11.66;11.34
14:31:52 10-9-2024;515;11.66;11.34
14:31:54 10-9-2024;515;11.68;11.34
14:31:56 10-9-2024;515;11.54;11.38
14:31:58 10-9-2024;515;11.66;11.4
14:32:0 10-9-2024;515;11.56;11.38
14:32:2 10-9-2024;515;11.56;11.4
14:32:4 10-9-2024;515;11.58;11.34
14:32:6 10-9-2024;515;11.56;11.42
14:32:8 10-9-2024;515;11.58;11.44
14:32:10 10-9-2024;515;11.6;11.36
14:32:12 10-9-2024;515;11.66;11.4
14:32:14 10-9-2024;515;11.6;11.4
14:32:16 10-9-2024;515;11.62;11.42
14:32:18 10-9-2024;515;11.62;11.38
14:32:20 10-9-2024;515;11.58;11.4
14:32:22 10-9-2024;515.002125;11.62;11.36
14:32:24 10-9-2024;515.0005373632812;11.58;11.36
14:32:26 10-9-2024;515.000167859436;11.54;11.36
14:32:28 10-9-2024;515.000036473776;11.66;11.38
14:32:30 10-9-2024;515.0000116516686;11.54;11.4
14:32:32 10-9-2024;515.0000025433088;11.58;11.44
14:32:34 10-9-2024;515.0000008121277;11.74;11.34
14:32:36 10-9-2024;515.0000001772532;11.58;11.38
14:32:38 10-9-2024;515.0000000566008;11.64;11.34
14:32:40 10-9-2024;515.0000000123536;11.62;11.5
14:32:42 10-9-2024;515.0000000039447;11.62;11.44
14:32:44 10-9-2024;515.000000000861;11.6;11.44
14:32:46 10-9-2024;515.0000000002749;11.66;11.42
14:32:48 10-9-2024;515.00000000006;11.68;11.42
14:32:50 10-9-2024;515.0000000000191;11.6;11.38
14:32:52 10-9-2024;515.0000000000042;11.62;11.36
14:32:54 10-9-2024;515.0000000000014;11.56;11.38
14:32:56 10-9-2024;515.0000000000003;11.6;11.4
14:32:58 10-9-2024;515;11.5;11.4
14:33:0 10-9-2024;515;11.64;11.3
14:33:2 10-9-2024;515;11.54;11.34
14:33:4 10-9-2024;515;11.56;11.36
14:33:6 10-9-2024;515;11.62;11.34
14:33:8 10-9-2024;515;11.62;11.42
14:33:10 10-9-2024;515;11.58;11.34
14:33:12 10-9-2024;515;11.66;11.46
14:33:14 10-9-2024;515;11.66;11.4
14:33:16 10-9-2024;515;11.64;11.42
14:33:18 10-9-2024;515;11.68;11.34
14:33:20 10-9-2024;515;11.68;11.42
14:33:22 10-9-2024;515;11.54;11.42
14:33:24 10-9-2024;515;11.58;11.36
14:33:26 10-9-2024;515;11.68;11.42
14:33:28 10-9-2024;515;11.64;11.36
14:33:30 10-9-2024;515;11.64;11.36
14:33:32 10-9-2024;515;11.66;11.44
14:33:34 10-9-2024;515;11.6;11.44
14:33:36 10-9-2024;515;11.64;11.38
14:33:38 10-9-2024;515;11.64;11.44
14:33:40 10-9-2024;515;11.6;11.46
14:33:42 10-9-2024;515;11.56;11.48
14:33:44 10-9-2024;515;11.68;11.36
14:33:46 10-9-2024;515;11.66;11.44
14:33:48 10-9-2024;515;11.64;11.32
14:33:50 10-9-2024;515;11.58;11.42
14:33:52 10-9-2024;515;11.66;11.42
14:33:54 10-9-2024;515;11.5;11.52
14:33:56 10-9-2024;515;11.7;11.44
14:33:58 10-9-2024;515;11.66;11.36
14:34:0 10-9-2024;515;11.6;11.44
14:34:2 10-9-2024;515;11.6;11.4
14:34:4 10-9-2024;515.01;11.62;11.42
14:34:6 10-9-2024;515.00190625;11.58;11.44
14:34:8 10-9-2024;515.0003528369141;11.6;11.32
14:34:10 10-9-2024;515.000113967093;11.58;11.5
14:34:12 10-9-2024;515.0000249461813;11.58;11.4
14:34:14 10-9-2024;515.0000079649536;11.56;11.38
14:34:16 10-9-2024;515.0000017383546;11.6;11.36
14:34:18 10-9-2024;515.0000005550936;11.66;11.46
14:34:20 10-9-2024;515.0000001211538;11.66;11.46
14:34:22 10-9-2024;515.000000038687;11.66;11.32
14:34:24 10-9-2024;515.0000000084437;11.62;11.36
14:34:26 10-9-2024;515.0000000026962;11.6;11.38
14:34:28 10-9-2024;515.0000000005884;11.66;11.46
14:34:30 10-9-2024;515.0000000001879;11.68;11.42
14:34:32 10-9-2024;515.000000000041;11.5;11.44
14:34:34 10-9-2024;515.0000000000131;11.68;11.44
14:34:36 10-9-2024;515.0000000000028;11.72;11.4
14:34:38 10-9-2024;515.0000000000009;11.54;11.4
14:34:40 10-9-2024;515.0000000000002;11.64;11.34
14:34:42 10-9-2024;515;11.64;11.42
14:34:44 10-9-2024;515;11.52;11.34
14:34:46 10-9-2024;515;11.68;11.34
14:34:48 10-9-2024;515;11.64;11.38
14:34:50 10-9-2024;515;11.52;11.38
14:34:52 10-9-2024;515;11.64;11.44
14:34:54 10-9-2024;515;11.68;11.34
14:34:56 10-9-2024;515;11.62;11.36
14:34:58 10-9-2024;515;11.68;11.36
14:35:0 10-9-2024;515;11.68;11.44
14:35:2 10-9-2024;515;11.6;11.36
14:35:4 10-9-2024;515;11.54;11.38
14:35:6 10-9-2024;515;11.66;11.44
14:35:8 10-9-2024;515;11.58;11.5
14:35:10 10-9-2024;515;11.62;11.42
14:35:12 10-9-2024;515;11.64;11.32
14:35:14 10-9-2024;515;11.64;11.46
14:35:16 10-9-2024;515;11.56;11.42
14:35:18 10-9-2024;515;11.68;11.3
14:35:20 10-9-2024;515;11.66;11.34
14:35:22 10-9-2024;515;11.54;11.4
14:35:24 10-9-2024;515;11.68;11.42
14:35:26 10-9-2024;515;11.6;11.44
14:35:28 10-9-2024;515;11.62;11.38
14:35:30 10-9-2024;515;11.62;11.46
14:35:32 10-9-2024;515;11.58;11.4
14:35:34 10-9-2024;515;11.64;11.36
14:35:36 10-9-2024;515;11.62;11.42
14:35:38 10-9-2024;515;11.64;11.42
14:35:40 10-9-2024;515;11.7;11.36
14:35:42 10-9-2024;515;11.62;11.44
14:35:44 10-9-2024;515;11.64;11.38
14:35:46 10-9-2024;515;11.66;11.36
14:35:48 10-9-2024;515;11.66;11.4
14:35:50 10-9-2024;515;11.78;11.34
14:35:52 10-9-2024;515;11.62;11.36
14:35:54 10-9-2024;515;11.6;11.4
14:35:56 10-9-2024;515;11.68;11.38
14:35:58 10-9-2024;515;11.68;11.42
14:36:0 10-9-2024;515;11.6;11.42
14:36:2 10-9-2024;515;11.6;11.36
14:36:4 10-9-2024;515;11.6;11.48
14:36:6 10-9-2024;515;11.56;11.46
14:36:8 10-9-2024;515;11.64;11.32
14:36:10 10-9-2024;515;11.56;11.38
14:36:12 10-9-2024;515;11.66;11.28
14:36:14 10-9-2024;515;11.62;11.42
14:36:16 10-9-2024;515;11.6;11.36
14:36:18 10-9-2024;515;11.68;11.34
14:36:20 10-9-2024;515;11.62;11.36
14:36:22 10-9-2024;515;11.58;11.4
14:36:24 10-9-2024;515;11.58;11.42
14:36:26 10-9-2024;515;11.68;11.4
14:36:28 10-9-2024;515;11.56;11.4
14:36:30 10-9-2024;515;11.58;11.4
14:36:32 10-9-2024;515;11.62;11.34
14:36:34 10-9-2024;515;11.68;11.4
14:36:36 10-9-2024;515;11.56;11.36
14:36:38 10-9-2024;515;11.54;11.44
14:36:40 10-9-2024;515;11.6;11.4
14:36:42 10-9-2024;515;11.52;11.46
14:36:44 10-9-2024;515;11.66;11.36
14:36:46 10-9-2024;515;11.66;11.38
14:36:48 10-9-2024;515;11.62;11.34
14:36:50 10-9-2024;515;11.66;11.38
14:36:52 10-9-2024;515;11.56;11.38
14:36:54 10-9-2024;515;11.66;11.38
14:36:56 10-9-2024;515;11.64;11.36
14:36:58 10-9-2024;515;11.68;11.5
14:37:0 10-9-2024;515;11.64;11.4
14:37:2 10-9-2024;515;11.6;11.5
14:37:4 10-9-2024;515;11.6;11.48
14:37:6 10-9-2024;515;11.58;11.44
14:37:8 10-9-2024;515;11.66;11.38
14:37:10 10-9-2024;515;11.52;11.42
14:37:12 10-9-2024;515;11.7;11.34
14:37:14 10-9-2024;515;11.6;11.42
14:37:16 10-9-2024;515;11.58;11.36
14:37:18 10-9-2024;515;11.68;11.36
14:37:20 10-9-2024;515;11.66;11.32
14:37:22 10-9-2024;515;11.6;11.34
14:37:24 10-9-2024;515;11.62;11.38
14:37:26 10-9-2024;515;11.62;11.44
14:37:28 10-9-2024;515;11.62;11.36
14:37:30 10-9-2024;515;11.68;11.4
14:37:32 10-9-2024;515;11.56;11.44
14:37:34 10-9-2024;515;11.62;11.28
14:37:36 10-9-2024;515;11.62;11.38
14:37:38 10-9-2024;515;11.7;11.56
14:37:40 10-9-2024;515;11.64;11.46
14:37:42 10-9-2024;515;11.72;11.34
14:37:44 10-9-2024;515;11.54;11.32
14:37:46 10-9-2024;515;11.6;11.34
14:37:48 10-9-2024;515;11.54;11.38
14:37:50 10-9-2024;515;11.7;11.32
14:37:52 10-9-2024;515;11.6;11.42
14:37:54 10-9-2024;515;11.64;11.38
14:37:56 10-9-2024;515;11.68;11.38
14:37:58 10-9-2024;515;11.64;11.36
14:38:0 10-9-2024;515;11.64;11.4
14:38:2 10-9-2024;515;11.5;11.38
14:38:4 10-9-2024;515;11.66;11.44
14:38:6 10-9-2024;515;11.66;11.46
14:38:8 10-9-2024;515;11.7;11.4
14:38:10 10-9-2024;515;11.62;11.36
14:38:12 10-9-2024;515;11.58;11.48
14:38:14 10-9-2024;515;11.62;11.42
14:38:16 10-9-2024;515;11.64;11.36
14:38:18 10-9-2024;515;11.7;11.42
14:38:20 10-9-2024;515;11.6;11.4
14:38:22 10-9-2024;515;11.64;11.34
14:38:24 10-9-2024;515;11.6;11.48
14:38:26 10-9-2024;515;11.66;11.46
14:38:28 10-9-2024;515;11.6;11.32
14:38:30 10-9-2024;515;11.64;11.42
14:38:32 10-9-2024;515;11.58;11.34
14:38:34 10-9-2024;515;11.68;11.36
14:38:36 10-9-2024;515.01;11.6;11.34
14:38:38 10-9-2024;515.0010453125001;11.68;11.42
14:38:40 10-9-2024;515.0003528369141;11.58;11.44
14:38:42 10-9-2024;515.000078149717;11.58;11.46
14:38:44 10-9-2024;515.0000249461813;11.64;11.52
14:38:46 10-9-2024;515.0000054439342;11.66;11.42
14:38:48 10-9-2024;515.0000017383546;11.56;11.32
14:38:50 10-9-2024;515.00000037941;11.64;11.44
14:38:52 10-9-2024;515.0000001211538;11.76;11.46
14:38:54 10-9-2024;515.0000000264428;11.7;11.32
14:38:56 10-9-2024;515.0000000084437;11.6;11.4
14:38:58 10-9-2024;515.0000000018429;11.56;11.38
14:39:0 10-9-2024;515.0000000005884;11.58;11.3
14:39:2 10-9-2024;515.0000000001879;11.62;11.34
14:39:4 10-9-2024;515.000000000041;11.68;11.42
14:39:6 10-9-2024;515.000000000009;11.6;11.36
14:39:8 10-9-2024;515.0000000000028;11.64;11.38
14:39:10 10-9-2024;515.0000000000007;11.6;11.38
14:39:12 10-9-2024;515.0000000000002;11.58;11.34
14:39:14 10-9-2024;515;11.68;11.44
14:39:16 10-9-2024;515;11.62;11.44
14:39:18 10-9-2024;515;11.62;11.36
14:39:20 10-9-2024;515;11.64;11.28
14:39:22 10-9-2024;515;11.54;11.48
14:39:24 10-9-2024;515;11.6;11.42
14:39:26 10-9-2024;515;11.54;11.34
14:39:28 10-9-2024;515;11.66;11.4
14:39:30 10-9-2024;515;11.68;11.34
14:39:32 10-9-2024;515;11.6;11.44
14:39:34 10-9-2024;515;11.64;11.46
14:39:36 10-9-2024;515.00190625;11.56;11.4
14:39:38 10-9-2024;515.0005373632812;11.64;11.3
14:39:40 10-9-2024;515.000113967093;11.68;11.44
14:39:42 10-9-2024;515.000036473776;11.68;11.36
14:39:44 10-9-2024;515.0000079649536;11.7;11.4
14:39:46 10-9-2024;515.0000025433088;11.58;11.46
14:39:48 10-9-2024;515.0000005550936;11.6;11.34
14:39:50 10-9-2024;515.0000001772532;11.7;11.4
14:39:52 10-9-2024;515.000000038687;11.68;11.44
14:39:54 10-9-2024;515.0000000123536;11.68;11.46
14:39:56 10-9-2024;515.0000000026962;11.54;11.44
14:39:58 10-9-2024;515.000000000861;11.7;11.34
14:40:0 10-9-2024;515.0000000001879;11.64;11.42
14:40:2 10-9-2024;515.00000000006;11.54;11.4
14:40:4 10-9-2024;515.0000000000131;11.66;11.38
14:40:6 10-9-2024;515.0000000000042;11.62;11.44
14:40:8 10-9-2024;515.0000000000009;11.62;11.42
14:40:10 10-9-2024;515.0000000000003;11.66;11.46
14:40:12 10-9-2024;515;11.56;11.44
14:40:14 10-9-2024;515;11.62;11.42
14:40:16 10-9-2024;515;11.62;11.56
14:40:18 10-9-2024;515;11.72;11.56
14:40:20 10-9-2024;515;11.66;11.32
14:40:22 10-9-2024;515;11.56;11.38
14:40:24 10-9-2024;515;11.62;11.36
14:40:26 10-9-2024;515;11.62;11.36
14:40:28 10-9-2024;515;11.62;11.4
14:40:30 10-9-2024;515;11.8;11.32
14:40:32 10-9-2024;515;11.66;11.4
14:40:34 10-9-2024;515;11.66;11.42
14:40:36 10-9-2024;515;11.64;11.36
14:40:38 10-9-2024;515;11.62;11.32
14:40:40 10-9-2024;515;11.62;11.38
14:40:42 10-9-2024;515;11.58;11.32
14:40:44 10-9-2024;515;11.66;11.38
14:40:46 10-9-2024;515;11.7;11.38
14:40:48 10-9-2024;515;11.66;11.38
14:40:50 10-9-2024;515;11.66;11.38
14:40:52 10-9-2024;515;11.62;11.36
14:40:54 10-9-2024;515;11.66;11.46
14:40:56 10-9-2024;515;11.62;11.48
14:40:58 10-9-2024;515;11.66;11.4
14:41:0 10-9-2024;515;11.62;11.34
14:41:2 10-9-2024;515;11.54;11.4
14:41:4 10-9-2024;515;11.72;11.34
14:41:6 10-9-2024;515;11.7;11.36
14:41:8 10-9-2024;515;11.58;11.36
14:41:10 10-9-2024;515;11.6;11.44
14:41:12 10-9-2024;515;11.6;11.34
14:41:14 10-9-2024;515;11.66;11.38
14:41:16 10-9-2024;515;11.6;11.46
14:41:18 10-9-2024;515;11.64;11.38
14:41:20 10-9-2024;515;11.56;11.38
14:41:22 10-9-2024;515;11.62;11.36
14:41:24 10-9-2024;515;11.64;11.38
14:41:26 10-9-2024;515;11.7;11.36
14:41:28 10-9-2024;515;11.56;11.44
14:41:30 10-9-2024;515;11.64;11.36
14:41:32 10-9-2024;515.002125;11.58;11.36
14:41:34 10-9-2024;515.000759765625;11.58;11.44
14:41:36 10-9-2024;515.000167859436;11.56;11.4
14:41:38 10-9-2024;515.0000534184368;11.6;11.38
14:41:40 10-9-2024;515.0000116516686;11.74;11.48
14:41:42 10-9-2024;515.0000037208935;11.6;11.34
14:41:44 10-9-2024;515.0000008121277;11.62;11.4
14:41:46 10-9-2024;515.0000002593293;11.58;11.34
14:41:48 10-9-2024;515.0000000566008;11.6;11.34
14:41:50 10-9-2024;515.0000000180738;11.64;11.38
14:41:52 10-9-2024;515.0000000039447;11.6;11.46
14:41:54 10-9-2024;515.0000000012597;11.6;11.4
14:41:56 10-9-2024;515.0000000002749;11.68;11.34
14:41:58 10-9-2024;515.0000000000878;11.54;11.42
14:42:0 10-9-2024;515.0000000000191;11.58;11.38
14:42:2 10-9-2024;515.0000000000061;11.6;11.38
14:42:4 10-9-2024;515.0000000000014;11.62;11.32
14:42:6 10-9-2024;515.0000000000005;11.6;11.36
14:42:8 10-9-2024;515;11.58;11.38
14:42:10 10-9-2024;515;11.56;11.4
14:42:12 10-9-2024;515;11.58;11.42
14:42:14 10-9-2024;515;11.62;11.5
14:42:16 10-9-2024;515;11.66;11.44
14:42:18 10-9-2024;515;11.6;11.28
14:42:20 10-9-2024;515;11.68;11.38
14:42:22 10-9-2024;515;11.64;11.42
14:42:24 10-9-2024;515;11.64;11.42
14:42:26 10-9-2024;515;11.66;11.36
14:42:28 10-9-2024;515;11.58;11.42
14:42:30 10-9-2024;515;11.66;11.4
14:42:32 10-9-2024;515;11.76;11.38
14:42:34 10-9-2024;515;11.58;11.52
14:42:36 10-9-2024;515;11.56;11.42
14:42:38 10-9-2024;515;11.68;11.42
14:42:40 10-9-2024;515;11.62;11.44
14:42:42 10-9-2024;515;11.58;11.44
14:42:44 10-9-2024;515;11.62;11.4
14:42:46 10-9-2024;515;11.62;11.4
14:42:48 10-9-2024;515;11.58;11.36
14:42:50 10-9-2024;515;11.66;11.4
14:42:52 10-9-2024;515;11.62;11.4
14:42:54 10-9-2024;515;11.54;11.44
14:42:56 10-9-2024;515;11.66;11.36
14:42:58 10-9-2024;515;11.68;11.4
14:43:0 10-9-2024;515;11.56;11.4
14:43:2 10-9-2024;515;11.58;11.36
14:43:4 10-9-2024;515;11.62;11.38
14:43:6 10-9-2024;515;11.7;11.44
14:43:8 10-9-2024;515;11.62;11.42
14:43:10 10-9-2024;515;11.6;11.32
14:43:12 10-9-2024;515;11.74;11.46
14:43:14 10-9-2024;515;11.6;11.4
14:43:16 10-9-2024;515;11.7;11.42
14:43:18 10-9-2024;515;11.68;11.36
14:43:20 10-9-2024;515;11.66;11.48
14:43:22 10-9-2024;515;11.62;11.38
14:43:24 10-9-2024;515;11.6;11.4
14:43:26 10-9-2024;515;11.56;11.4
14:43:28 10-9-2024;515;11.78;11.3
14:43:30 10-9-2024;515;11.6;11.32
14:43:32 10-9-2024;515;11.66;11.38
14:43:34 10-9-2024;515;11.7;11.36
14:43:36 10-9-2024;515;11.68;11.46
14:43:38 10-9-2024;515;11.6;11.42
14:43:40 10-9-2024;515;11.54;11.36
14:43:42 10-9-2024;515;11.6;11.42
14:43:44 10-9-2024;515;11.66;11.42
14:43:46 10-9-2024;515;11.7;11.38
14:43:48 10-9-2024;515;11.58;11.4
14:43:50 10-9-2024;515;11.56;11.44
14:43:52 10-9-2024;515;11.58;11.34
14:43:54 10-9-2024;515;11.56;11.4
14:43:56 10-9-2024;515;11.68;11.3
14:43:58 10-9-2024;515;11.54;11.4
14:44:0 10-9-2024;515;11.64;11.38
14:44:2 10-9-2024;515;11.66;11.46
14:44:4 10-9-2024;515;11.7;11.4
14:44:6 10-9-2024;515;11.6;11.44
14:44:8 10-9-2024;515;11.64;11.44
14:44:10 10-9-2024;515;11.6;11.44
14:44:12 10-9-2024;515;11.62;11.4
14:44:14 10-9-2024;515;11.68;11.42
14:44:16 10-9-2024;515;11.62;11.32
14:44:18 10-9-2024;515;11.64;11.4
14:44:20 10-9-2024;515;11.56;11.42
14:44:22 10-9-2024;515;11.64;11.42
14:44:24 10-9-2024;515;11.6;11.34
14:44:26 10-9-2024;515;11.62;11.42
14:44:28 10-9-2024;515;11.62;11.4
14:44:30 10-9-2024;515;11.66;11.34
14:44:32 10-9-2024;515;11.6;11.36
14:44:34 10-9-2024;515;11.64;11.42
14:44:36 10-9-2024;515;11.58;11.3
14:44:38 10-9-2024;515;11.78;11.38
14:44:40 10-9-2024;515.0025;11.6;11.4
14:44:42 10-9-2024;515.000759765625;11.64;11.36
14:44:44 10-9-2024;515.0002447902832;11.58;11.3
14:44:46 10-9-2024;515.0000534184368;11.6;11.46
14:44:48 10-9-2024;515.0000170494554;11.6;11.42
14:44:50 10-9-2024;515.0000037208935;11.56;11.38
14:44:52 10-9-2024;515.0000011881743;11.66;11.44
14:44:54 10-9-2024;515.0000002593293;11.64;11.38
14:44:56 10-9-2024;515.0000000828094;11.58;11.34
14:44:58 10-9-2024;515.0000000180738;11.68;11.44
14:45:0 10-9-2024;515.0000000057713;11.58;11.38
14:45:2 10-9-2024;515.0000000012597;11.66;11.32
14:45:4 10-9-2024;515.0000000004022;11.7;11.5
14:45:6 10-9-2024;515.0000000000878;11.64;11.32
14:45:8 10-9-2024;515.000000000028;11.58;11.36
14:45:10 10-9-2024;515.0000000000061;11.68;11.44
14:45:12 10-9-2024;515.0000000000019;11.62;11.46
14:45:14 10-9-2024;515.0000000000005;11.58;11.46
14:45:16 10-9-2024;515.0000000000001;11.74;11.34
14:45:18 10-9-2024;515;11.7;11.36
14:45:20 10-9-2024;515;11.62;11.4
14:45:22 10-9-2024;515;11.74;11.34
14:45:24 10-9-2024;515;11.64;11.4
14:45:26 10-9-2024;515;11.64;11.38
14:45:28 10-9-2024;515;11.52;11.5
14:45:30 10-9-2024;515;11.56;11.42
14:45:32 10-9-2024;515;11.62;11.4
14:45:34 10-9-2024;515;11.52;11.38
14:45:36 10-9-2024;515;11.64;11.44
14:45:38 10-9-2024;515;11.66;11.42
14:45:40 10-9-2024;515;11.56;11.48
14:45:42 10-9-2024;515;11.68;11.32
14:45:44 10-9-2024;515;11.64;11.38
14:45:46 10-9-2024;515;11.68;11.3
14:45:48 10-9-2024;515;11.64;11.36
14:45:50 10-9-2024;515;11.58;11.3
14:45:52 10-9-2024;515;11.54;11.44
14:45:54 10-9-2024;515;11.66;11.3
14:45:56 10-9-2024;515;11.58;11.42
14:45:58 10-9-2024;515;11.62;11.46
14:46:0 10-9-2024;515;11.6;11.4
14:46:2 10-9-2024;515;11.62;11.46
14:46:4 10-9-2024;515;11.58;11.38
14:46:6 10-9-2024;515;11.66;11.3
14:46:8 10-9-2024;515;11.68;11.44
14:46:10 10-9-2024;515;11.7;11.46
14:46:12 10-9-2024;515;11.62;11.4
14:46:14 10-9-2024;515;11.64;11.38
14:46:16 10-9-2024;515;11.64;11.44
14:46:18 10-9-2024;515;11.58;11.52
14:46:20 10-9-2024;515;11.66;11.38
14:46:22 10-9-2024;515;11.58;11.5
14:46:24 10-9-2024;515;11.64;11.4
14:46:26 10-9-2024;515;11.68;11.36
14:46:28 10-9-2024;515;11.72;11.26
14:46:30 10-9-2024;515;11.74;11.32
14:46:32 10-9-2024;515;11.64;11.46
14:46:34 10-9-2024;515;11.58;11.46
14:46:36 10-9-2024;515;11.52;11.32
14:46:38 10-9-2024;515;11.64;11.34
14:46:40 10-9-2024;515;11.62;11.38
14:46:42 10-9-2024;515;11.6;11.46
14:46:44 10-9-2024;515;11.68;11.4
14:46:46 10-9-2024;515;11.64;11.34
14:46:48 10-9-2024;515;11.64;11.42
14:46:50 10-9-2024;515;11.6;11.44
14:46:52 10-9-2024;515;11.62;11.32
14:46:54 10-9-2024;515;11.6;11.38
14:46:56 10-9-2024;515;11.62;11.4
14:46:58 10-9-2024;515;11.64;11.4
14:47:0 10-9-2024;515;11.62;11.34
14:47:2 10-9-2024;515;11.6;11.46
14:47:4 10-9-2024;515;11.58;11.46
14:47:6 10-9-2024;515;11.66;11.36
14:47:8 10-9-2024;515;11.6;11.46
14:47:10 10-9-2024;515;11.7;11.42
14:47:12 10-9-2024;515;11.64;11.42
14:47:14 10-9-2024;515;11.64;11.38
14:47:16 10-9-2024;515;11.68;11.44
14:47:18 10-9-2024;515;11.64;11.4
14:47:20 10-9-2024;515;11.68;11.36
14:47:22 10-9-2024;515;11.68;11.36
14:47:24 10-9-2024;515;11.68;11.4
14:47:26 10-9-2024;515;11.62;11.42
14:47:28 10-9-2024;515;11.72;11.46
14:47:30 10-9-2024;515;11.58;11.38
14:47:32 10-9-2024;515;11.6;11.38
14:47:34 10-9-2024;515;11.54;11.38
14:47:36 10-9-2024;515;11.56;11.36
14:47:38 10-9-2024;515;11.52;11.44
14:47:40 10-9-2024;515;11.7;11.36
14:47:42 10-9-2024;515;11.56;11.44
14:47:44 10-9-2024;515;11.66;11.38
14:47:46 10-9-2024;515;11.58;11.46
14:47:48 10-9-2024;515;11.58;11.34
14:47:50 10-9-2024;515;11.58;11.36
14:47:52 10-9-2024;515;11.52;11.4
14:47:54 10-9-2024;515;11.56;11.38
14:47:56 10-9-2024;515;11.54;11.4
14:47:58 10-9-2024;515;11.62;11.42
14:48:0 10-9-2024;515;11.6;11.34
14:48:2 10-9-2024;515;11.68;11.34
14:48:4 10-9-2024;515;11.66;11.32
14:48:6 10-9-2024;515;11.54;11.42
14:48:8 10-9-2024;515;11.62;11.36
14:48:10 10-9-2024;515;11.64;11.46
14:48:12 10-9-2024;515;11.62;11.44
14:48:14 10-9-2024;515;11.54;11.42
14:48:16 10-9-2024;515;11.62;11.44
14:48:18 10-9-2024;515;11.66;11.34
14:48:20 10-9-2024;515;11.58;11.34
14:48:22 10-9-2024;515;11.64;11.36
14:48:24 10-9-2024;515;11.54;11.42
14:48:26 10-9-2024;515;11.62;11.42
14:48:28 10-9-2024;515;11.52;11.3
14:48:30 10-9-2024;515;11.64;11.44
14:48:32 10-9-2024;515;11.6;11.38
14:48:34 10-9-2024;515;11.68;11.38
14:48:36 10-9-2024;515;11.7;11.38
14:48:38 10-9-2024;515;11.72;11.4
14:48:40 10-9-2024;515;11.62;11.4
14:48:42 10-9-2024;515;11.56;11.48
14:48:44 10-9-2024;515;11.6;11.4
14:48:46 10-9-2024;515;11.62;11.4
14:48:48 10-9-2024;515;11.58;11.4
14:48:50 10-9-2024;515;11.58;11.48
14:48:52 10-9-2024;515;11.66;11.4
14:48:54 10-9-2024;515;11.66;11.44
14:48:56 10-9-2024;515;11.56;11.42
14:48:58 10-9-2024;515;11.7;11.44
14:49:0 10-9-2024;515;11.66;11.54
14:49:2 10-9-2024;515;11.64;11.32
14:49:4 10-9-2024;515;11.7;11.54
14:49:6 10-9-2024;515;11.72;11.42
14:49:8 10-9-2024;515;11.62;11.46
14:49:10 10-9-2024;515;11.68;11.36
14:49:12 10-9-2024;515;11.62;11.4
14:49:14 10-9-2024;515;11.62;11.36
14:49:16 10-9-2024;515;11.62;11.38
14:49:18 10-9-2024;515;11.68;11.44
14:49:20 10-9-2024;515;11.62;11.4
14:49:22 10-9-2024;515;11.62;11.4
14:49:24 10-9-2024;515;11.58;11.44
14:49:26 10-9-2024;515;11.54;11.4
14:49:28 10-9-2024;515;11.6;11.38
14:49:30 10-9-2024;515;11.58;11.38
14:49:32 10-9-2024;515;11.66;11.38
14:49:34 10-9-2024;515;11.6;11.44
14:49:36 10-9-2024;515;11.6;11.38
14:49:38 10-9-2024;515;11.5;11.36
14:49:40 10-9-2024;515;11.58;11.42
14:49:42 10-9-2024;515;11.66;11.44
14:49:44 10-9-2024;515;11.6;11.38
14:49:46 10-9-2024;515;11.62;11.4
14:49:48 10-9-2024;515;11.56;11.4
14:49:50 10-9-2024;515;11.58;11.38
14:49:52 10-9-2024;515;11.62;11.44
14:49:54 10-9-2024;515;11.64;11.42
14:49:56 10-9-2024;515;11.58;11.32
14:49:58 10-9-2024;515;11.6;11.38
14:50:0 10-9-2024;515;11.66;11.34
14:50:2 10-9-2024;515;11.66;11.42
14:50:4 10-9-2024;515;11.58;11.38
14:50:6 10-9-2024;515;11.56;11.44
14:50:8 10-9-2024;515;11.6;11.4
14:50:10 10-9-2024;515;11.68;11.4
14:50:12 10-9-2024;515;11.64;11.38
14:50:14 10-9-2024;515;11.68;11.36
14:50:16 10-9-2024;515;11.66;11.42
14:50:18 10-9-2024;515;11.64;11.32
14:50:20 10-9-2024;515;11.64;11.42
14:50:22 10-9-2024;515;11.56;11.44
14:50:24 10-9-2024;515;11.56;11.42
14:50:26 10-9-2024;515;11.58;11.38
14:50:28 10-9-2024;515;11.62;11.46
14:50:30 10-9-2024;515;11.62;11.32
14:50:32 10-9-2024;515;11.66;11.36
14:50:34 10-9-2024;515;11.56;11.32
14:50:36 10-9-2024;515;11.6;11.44
14:50:38 10-9-2024;515;11.58;11.44
14:50:40 10-9-2024;515;11.58;11.42
